<?xml version="1.0" encoding="UTF-8"?>
<!DOCTYPE nmaprun>
<?xml-stylesheet href="file:///usr/bin/../share/nmap/nmap.xsl" type="text/xsl"?>
<!-- Nmap 7.91 scan initiated Mon Jun  7 03:37:12 2021 as: nmap -vv -&#45;reason -Pn -sV -p 80 &quot;-&#45;script=banner,(http* or ssl*) and not (brute or broadcast or dos or external or http-slowloris* or fuzzer)&quot; -oN /home/ircashem/HackTheBox/delivery/results/delivery.htb/scans/tcp_80_http_nmap.txt -oX /home/ircashem/HackTheBox/delivery/results/delivery.htb/scans/xml/tcp_80_http_nmap.xml delivery.htb -->
<nmaprun scanner="nmap" args="nmap -vv -&#45;reason -Pn -sV -p 80 &quot;-&#45;script=banner,(http* or ssl*) and not (brute or broadcast or dos or external or http-slowloris* or fuzzer)&quot; -oN /home/ircashem/HackTheBox/delivery/results/delivery.htb/scans/tcp_80_http_nmap.txt -oX /home/ircashem/HackTheBox/delivery/results/delivery.htb/scans/xml/tcp_80_http_nmap.xml delivery.htb" start="1623017232" startstr="Mon Jun  7 03:37:12 2021" version="7.91" xmloutputversion="1.05">
<scaninfo type="connect" protocol="tcp" numservices="1" services="80"/>
<verbose level="2"/>
<debugging level="0"/>
<taskbegin task="NSE" time="1623017233"/>
<taskend task="NSE" time="1623017233"/>
<taskbegin task="NSE" time="1623017233"/>
<taskend task="NSE" time="1623017233"/>
<taskbegin task="NSE" time="1623017233"/>
<taskend task="NSE" time="1623017233"/>
<taskbegin task="Connect Scan" time="1623017233"/>
<taskend task="Connect Scan" time="1623017233" extrainfo="1 total ports"/>
<taskbegin task="Service scan" time="1623017233"/>
<taskend task="Service scan" time="1623017239" extrainfo="1 service on 1 host"/>
<taskbegin task="NSE" time="1623017239"/>
<taskprogress task="NSE" time="1623017270" percent="99.67" remaining="1" etc="1623017270"/>
<taskprogress task="NSE" time="1623017300" percent="99.67" remaining="1" etc="1623017300"/>
<taskprogress task="NSE" time="1623017330" percent="99.67" remaining="1" etc="1623017330"/>
<taskprogress task="NSE" time="1623017360" percent="99.67" remaining="1" etc="1623017360"/>
<taskprogress task="NSE" time="1623017390" percent="99.67" remaining="1" etc="1623017390"/>
<taskprogress task="NSE" time="1623017420" percent="99.67" remaining="1" etc="1623017421"/>
<taskend task="NSE" time="1623017439"/>
<taskbegin task="NSE" time="1623017439"/>
<taskend task="NSE" time="1623017439"/>
<taskbegin task="NSE" time="1623017439"/>
<taskend task="NSE" time="1623017439"/>
<host starttime="1623017233" endtime="1623017439"><status state="up" reason="user-set" reason_ttl="0"/>
<address addr="10.10.10.222" addrtype="ipv4"/>
<hostnames>
<hostname name="delivery.htb" type="user"/>
<hostname name="helpdesk.delivery.htb" type="PTR"/>
</hostnames>
<ports><port protocol="tcp" portid="80"><state state="open" reason="syn-ack" reason_ttl="0"/><service name="http" product="nginx" version="1.14.2" method="probed" conf="10"><cpe>cpe:/a:igor_sysoev:nginx:1.14.2</cpe></service><script id="http-chrono" output="Request times for /; avg: 315.19ms; min: 264.96ms; max: 379.26ms"/><script id="http-comments-displayer" output="&#xa;Spidering limited to: maxdepth=3; maxpagecount=20; withinhost=delivery.htb&#xa;    &#xa;    Path: http://delivery.htb:80/assets/css/main.css&#xa;    Line number: 1171&#xa;    Comment: &#xa;        /* Header */&#xa;    &#xa;    Path: http://delivery.htb:80/assets/css/noscript.css&#xa;    Line number: 1&#xa;    Comment: &#xa;        /*&#xa;        &#x9;Dimension by HTML5 UP&#xa;        &#x9;html5up.net | @ajlkn&#xa;        &#x9;Free for personal and commercial use under the CCA 3.0 license (html5up.net/license)&#xa;        */&#xa;    &#xa;    Path: http://delivery.htb:80/&#xa;    Line number: 41&#xa;    Comment: &#xa;        &lt;!-&#45; Main -&#45;&gt;&#xa;    &#xa;    Path: http://delivery.htb:80/assets/css/main.css&#xa;    Line number: 872&#xa;    Comment: &#xa;        /* Table */&#xa;    &#xa;    Path: http://delivery.htb:80/&#xa;    Line number: 2&#xa;    Comment: &#xa;        &#xa;        &#xa;        &#xa;        &#xa;        -&#45;&gt;&#xa;    &#xa;    Path: http://delivery.htb:80/&#xa;    Line number: 304&#xa;    Comment: &#xa;        &lt;!-&#45; Scripts -&#45;&gt;&#xa;    &#xa;    Path: http://delivery.htb:80/assets/css/main.css&#xa;    Line number: 51&#xa;    Comment: &#xa;        /* Box Model */&#xa;    &#xa;    Path: http://delivery.htb:80/assets/css/main.css&#xa;    Line number: 283&#xa;    Comment: &#xa;        /* Form */&#xa;    &#xa;    Path: http://delivery.htb:80/assets/css/main.css&#xa;    Line number: 555&#xa;    Comment: &#xa;        /* Box */&#xa;    &#xa;    Path: http://delivery.htb:80/&#xa;    Line number: 36&#xa;    Comment: &#xa;        &lt;!-&#45;&lt;li&gt;&lt;a href=&quot;#elements&quot;&gt;Elements&lt;/a&gt;&lt;/li&gt;-&#45;&gt;&#xa;    &#xa;    Path: http://delivery.htb:80/&#xa;    Line number: 21&#xa;    Comment: &#xa;        &lt;!-&#45; Header -&#45;&gt;&#xa;    &#xa;    Path: http://delivery.htb:80/assets/js/util.js&#xa;    Line number: 521&#xa;    Comment: &#xa;        &#xa;        &#xa;        &#xa;        &#xa;        &#x9; */&#xa;    &#xa;    Path: http://delivery.htb:80/assets/css/main.css&#xa;    Line number: 1559&#xa;    Comment: &#xa;        /* Footer */&#xa;    &#xa;    Path: http://delivery.htb:80/assets/css/main.css&#xa;    Line number: 1043&#xa;    Comment: &#xa;        /* BG */&#xa;    &#xa;    Path: http://delivery.htb:80/&#xa;    Line number: 13&#xa;    Comment: &#xa;        &lt;!-&#45;[if lte IE 9]&gt;&lt;link rel=&quot;stylesheet&quot; href=&quot;assets/css/ie9.css&quot; /&gt;&lt;![endif]-&#45;&gt;&#xa;    &#xa;    Path: http://delivery.htb:80/assets/js/jquery.min.js&#xa;    Line number: 1&#xa;    Comment: &#xa;        /*! jQuery v1.11.3 | (c) 2005, 2015 jQuery Foundation, Inc. | jquery.org/license */&#xa;    &#xa;    Path: http://delivery.htb:80/assets/css/main.css&#xa;    Line number: 597&#xa;    Comment: &#xa;        /* Image */&#xa;    &#xa;    Path: http://delivery.htb:80/assets/js/util.js&#xa;    Line number: 37&#xa;    Comment: &#xa;        &#xa;        &#xa;        &#xa;        &#xa;        &#x9; */&#xa;    &#xa;    Path: http://delivery.htb:80/assets/css/main.css&#xa;    Line number: 92&#xa;    Comment: &#xa;        /* Type */&#xa;    &#xa;    Path: http://delivery.htb:80/&#xa;    Line number: 294&#xa;    Comment: &#xa;        &lt;!-&#45; Footer -&#45;&gt;&#xa;    &#xa;    Path: http://delivery.htb:80/assets/css/main.css&#xa;    Line number: 940&#xa;    Comment: &#xa;        /* Button */&#xa;    &#xa;    Path: http://delivery.htb:80/assets/css/main.css&#xa;    Line number: 1116&#xa;    Comment: &#xa;        /* Wrapper */&#xa;    &#xa;    Path: http://delivery.htb:80/&#xa;    Line number: 29&#xa;    Comment: &#xa;        &lt;!-&#45;]-&#45;&gt;&#xa;    &#xa;    Path: http://delivery.htb:80/assets/js/main.js&#xa;    Line number: 1&#xa;    Comment: &#xa;        &#xa;        &#xa;        &#xa;        &#xa;        */&#xa;    &#xa;    Path: http://delivery.htb:80/assets/css/main.css&#xa;    Line number: 59&#xa;    Comment: &#xa;        /* Basic */&#xa;    &#xa;    Path: http://delivery.htb:80/assets/js/skel.min.js&#xa;    Line number: 1&#xa;    Comment: &#xa;        /* skel.js v3.0.1 | (c) skel.io | MIT licensed */&#xa;    &#xa;    Path: http://delivery.htb:80/assets/css/main.css&#xa;    Line number: 10&#xa;    Comment: &#xa;        /* Reset */&#xa;    &#xa;    Path: http://delivery.htb:80/assets/js/util.js&#xa;    Line number: 299&#xa;    Comment: &#xa;        &#xa;        &#xa;        &#xa;        &#x9; */&#xa;    &#xa;    Path: http://delivery.htb:80/assets/js/util.js&#xa;    Line number: 3&#xa;    Comment: &#xa;        &#xa;        &#xa;        &#xa;        &#x9; */&#xa;    &#xa;    Path: http://delivery.htb:80/&#xa;    Line number: 301&#xa;    Comment: &#xa;        &lt;!-&#45; BG -&#45;&gt;&#xa;    &#xa;    Path: http://delivery.htb:80/&#xa;    Line number: 50&#xa;    Comment: &#xa;        &lt;!-&#45; Elements -&#45;&gt;&#xa;    &#xa;    Path: http://delivery.htb:80/&#xa;    Line number: 29&#xa;    Comment: &#xa;        &lt;!-&#45;[-&#45;&gt;&#xa;    &#xa;    Path: http://delivery.htb:80/&#xa;    Line number: 18&#xa;    Comment: &#xa;        &lt;!-&#45; Wrapper -&#45;&gt;&#xa;    &#xa;    Path: http://delivery.htb:80/assets/css/main.css&#xa;    Line number: 685&#xa;    Comment: &#xa;        /* List */&#xa;    &#xa;    Path: http://delivery.htb:80/assets/css/main.css&#xa;    Line number: 576&#xa;    Comment: &#xa;        /* Icon */&#xa;    &#xa;    Path: http://delivery.htb:80/assets/css/noscript.css&#xa;    Line number: 7&#xa;    Comment: &#xa;        /* Main */&#xa;"/><script id="http-csrf" output="&#xa;Spidering limited to: maxdepth=3; maxpagecount=20; withinhost=delivery.htb&#xa;  Found the following possible CSRF vulnerabilities: &#xa;    &#xa;    Path: http://delivery.htb:80/&#xa;    Form id: demo-name&#xa;    Form action: #&#xa;"/><script id="http-date" output="Sun, 06 Jun 2021 22:07:25 GMT; 0s from local time."><elem key="date">2021-06-06T22:07:25+00:00</elem>
<elem key="delta">0.0</elem>
</script><script id="http-devframework" output="Couldn&apos;t determine the underlying framework or CMS. Try increasing &apos;httpspider.maxpagecount&apos; value to spider more pages."/><script id="http-dombased-xss" output="Couldn&apos;t find any DOM based XSS."/><script id="http-drupal-enum" output="Nothing found amongst the top 100 resources,use -&#45;script-args number=&lt;number|all&gt; for deeper analysis)"/><script id="http-enum" output="&#xa;  /error/: Potentially interesting folder&#xa;"/><script id="http-errors" output="&#xa;Spidering limited to: maxpagecount=40; withinhost=delivery.htb&#xa;  Found the following error pages: &#xa;  &#xa;  Error Code: 400&#xa;  &#x9;http://delivery.htb:8065&#xa;"/><script id="http-feed" output="Couldn&apos;t find any feeds."/><script id="http-fetch" output="Please enter the complete path of the directory to save data in."><elem key="ERROR">Please enter the complete path of the directory to save data in.</elem>
</script><script id="http-grep" output="&#xa;  (1) http://delivery.htb:80/: &#xa;    (1) email: &#xa;      + jane@untitled.tld"><table key="(1) http://delivery.htb:80/">
<table key="(1) email">
<elem>+ jane@untitled.tld</elem>
</table>
</table>
</script><script id="http-headers" output="&#xa;  Server: nginx/1.14.2&#xa;  Date: Sun, 06 Jun 2021 22:07:24 GMT&#xa;  Content-Type: text/html&#xa;  Content-Length: 10850&#xa;  Last-Modified: Mon, 28 Dec 2020 11:52:59 GMT&#xa;  Connection: close&#xa;  ETag: &quot;5fe9c71b-2a62&quot;&#xa;  Accept-Ranges: bytes&#xa;  &#xa;  (Request type: HEAD)&#xa;"/><script id="http-jsonp-detection" output="Couldn&apos;t find any JSONP endpoints."/><script id="http-litespeed-sourcecode-download" output="Request with null byte did not work. This web server might not be vulnerable"/><script id="http-malware-host" output="Host appears to be clean"/><script id="http-methods" output="&#xa;  Supported Methods: GET HEAD"><table key="Supported Methods">
<elem>GET</elem>
<elem>HEAD</elem>
</table>
</script><script id="http-mobileversion-checker" output="No mobile version detected."/><script id="http-php-version" output="Logo query returned unknown hash 0afb29feafd1d79dd0d981cde5b3f5c9&#xa;Credits query returned unknown hash 0afb29feafd1d79dd0d981cde5b3f5c9"/><script id="http-referer-checker" output="Couldn&apos;t find any cross-domain scripts."/><script id="http-security-headers" output="&#xa;"></script><script id="http-server-header" output="nginx/1.14.2"><elem>nginx/1.14.2</elem>
</script><script id="http-sitemap-generator" output="&#xa;  Directory structure:&#xa;    /&#xa;      Other: 1&#xa;    /assets/css/&#xa;      css: 3&#xa;    /assets/js/&#xa;      js: 4&#xa;  Longest directory structure:&#xa;    Depth: 2&#xa;    Dir: /assets/js/&#xa;  Total files found (by extension):&#xa;    Other: 1; css: 3; js: 4&#xa;"/><script id="http-stored-xss" output="Couldn&apos;t find any stored XSS vulnerabilities."/><script id="http-title" output="Welcome"><elem key="title">Welcome</elem>
</script><script id="http-useragent-tester" output="&#xa;  Status for browser useragent: 200&#xa;  Allowed User Agents: &#xa;    Mozilla/5.0 (compatible; Nmap Scripting Engine; https://nmap.org/book/nse.html)&#xa;    libwww&#xa;    lwp-trivial&#xa;    libcurl-agent/1.0&#xa;    PHP/&#xa;    Python-urllib/2.5&#xa;    GT::WWW&#xa;    Snoopy&#xa;    MFC_Tear_Sample&#xa;    HTTP::Lite&#xa;    PHPCrawl&#xa;    URI::Fetch&#xa;    Zend_Http_Client&#xa;    http client&#xa;    PECL::HTTP&#xa;    Wget/1.13.4 (linux-gnu)&#xa;    WWW-Mechanize/1.34"><elem key="Status for browser useragent">200</elem>
<table key="Allowed User Agents">
<elem>Mozilla/5.0 (compatible; Nmap Scripting Engine; https://nmap.org/book/nse.html)</elem>
<elem>libwww</elem>
<elem>lwp-trivial</elem>
<elem>libcurl-agent/1.0</elem>
<elem>PHP/</elem>
<elem>Python-urllib/2.5</elem>
<elem>GT::WWW</elem>
<elem>Snoopy</elem>
<elem>MFC_Tear_Sample</elem>
<elem>HTTP::Lite</elem>
<elem>PHPCrawl</elem>
<elem>URI::Fetch</elem>
<elem>Zend_Http_Client</elem>
<elem>http client</elem>
<elem>PECL::HTTP</elem>
<elem>Wget/1.13.4 (linux-gnu)</elem>
<elem>WWW-Mechanize/1.34</elem>
</table>
</script><script id="http-vhosts" output="&#xa;128 names had status 200"/><script id="http-vuln-cve2011-3192" output="&#xa;  VULNERABLE:&#xa;  Apache byterange filter DoS&#xa;    State: VULNERABLE&#xa;    IDs:  CVE:CVE-2011-3192  BID:49303&#xa;      The Apache web server is vulnerable to a denial of service attack when numerous&#xa;      overlapping byte ranges are requested.&#xa;    Disclosure date: 2011-08-19&#xa;    References:&#xa;      https://www.securityfocus.com/bid/49303&#xa;      https://cve.mitre.org/cgi-bin/cvename.cgi?name=CVE-2011-3192&#xa;      https://www.tenable.com/plugins/nessus/55976&#xa;      https://seclists.org/fulldisclosure/2011/Aug/175&#xa;"><table key="CVE-2011-3192">
<elem key="title">Apache byterange filter DoS</elem>
<elem key="state">VULNERABLE</elem>
<table key="ids">
<elem>CVE:CVE-2011-3192</elem>
<elem>BID:49303</elem>
</table>
<table key="description">
<elem>The Apache web server is vulnerable to a denial of service attack when numerous&#xa;overlapping byte ranges are requested.</elem>
</table>
<table key="dates">
<table key="disclosure">
<elem key="day">19</elem>
<elem key="year">2011</elem>
<elem key="month">08</elem>
</table>
</table>
<elem key="disclosure">2011-08-19</elem>
<table key="refs">
<elem>https://www.securityfocus.com/bid/49303</elem>
<elem>https://cve.mitre.org/cgi-bin/cvename.cgi?name=CVE-2011-3192</elem>
<elem>https://www.tenable.com/plugins/nessus/55976</elem>
<elem>https://seclists.org/fulldisclosure/2011/Aug/175</elem>
</table>
</table>
</script><script id="http-wordpress-enum" output="Nothing found amongst the top 100 resources,use -&#45;script-args search-limit=&lt;number|all&gt; for deeper analysis)"/><script id="http-wordpress-users" output="[Error] Wordpress installation was not found. We couldn&apos;t find wp-login.php"/></port>
</ports>
<times srtt="98731" rttvar="98731" to="493655"/>
</host>
<taskbegin task="NSE" time="1623017439"/>
<taskend task="NSE" time="1623017439"/>
<taskbegin task="NSE" time="1623017439"/>
<taskend task="NSE" time="1623017439"/>
<taskbegin task="NSE" time="1623017439"/>
<taskend task="NSE" time="1623017439"/>
<runstats><finished time="1623017439" timestr="Mon Jun  7 03:40:39 2021" summary="Nmap done at Mon Jun  7 03:40:39 2021; 1 IP address (1 host up) scanned in 207.25 seconds" elapsed="207.25" exit="success"/><hosts up="1" down="0" total="1"/>
</runstats>
</nmaprun>
