{"domains": [{"ObjectIdentifier": "S-1-5-21-2966785786-3096785034-1186376766", "Properties": {"name": "EGOTISTICAL-BANK.LOCAL", "domain": "EGOTISTICAL-BANK.LOCAL", "highvalue": true, "objectid": "S-1-5-21-2966785786-3096785034-1186376766", "distinguishedname": "DC=EGOTISTICAL-BANK,DC=LOCAL", "description": null, "functionallevel": "2016"}, "Trusts": [], "Aces": [{"RightName": "Owner", "AceType": "", "IsInherited": false, "PrincipalSID": "EGOTISTICAL-BANK.LOCAL-S-1-5-32-544", "PrincipalType": "Group"}, {"RightName": "ExtendedRight", "AceType": "GetChanges", "IsInherited": false, "PrincipalSID": "S-1-5-21-2966785786-3096785034-1186376766-1108", "PrincipalType": "User"}, {"RightName": "ExtendedRight", "AceType": "GetChanges", "IsInherited": false, "PrincipalSID": "S-1-5-21-2966785786-3096785034-1186376766-498", "PrincipalType": "Group"}, {"RightName": "ExtendedRight", "AceType": "GetChangesAll", "IsInherited": false, "PrincipalSID": "S-1-5-21-2966785786-3096785034-1186376766-516", "PrincipalType": "Group"}, {"RightName": "ExtendedRight", "AceType": "GetChangesAll", "IsInherited": false, "PrincipalSID": "S-1-5-21-2966785786-3096785034-1186376766-1108", "PrincipalType": "User"}, {"RightName": "ExtendedRight", "AceType": "GetChanges", "IsInherited": false, "PrincipalSID": "EGOTISTICAL-BANK.LOCAL-S-1-5-32-544", "PrincipalType": "Group"}, {"RightName": "ExtendedRight", "AceType": "GetChangesAll", "IsInherited": false, "PrincipalSID": "EGOTISTICAL-BANK.LOCAL-S-1-5-32-544", "PrincipalType": "Group"}, {"RightName": "ExtendedRight", "AceType": "GetChanges", "IsInherited": false, "PrincipalSID": "EGOTISTICAL-BANK.LOCAL-S-1-5-9", "PrincipalType": "Group"}, {"RightName": "GenericWrite", "AceType": "", "IsInherited": false, "PrincipalSID": "S-1-5-21-2966785786-3096785034-1186376766-512", "PrincipalType": "Group"}, {"RightName": "WriteOwner", "AceType": "", "IsInherited": false, "PrincipalSID": "S-1-5-21-2966785786-3096785034-1186376766-512", "PrincipalType": "Group"}, {"RightName": "ExtendedRight", "AceType": "All", "IsInherited": false, "PrincipalSID": "S-1-5-21-2966785786-3096785034-1186376766-512", "PrincipalType": "Group"}, {"RightName": "WriteDacl", "AceType": "", "IsInherited": false, "PrincipalSID": "S-1-5-21-2966785786-3096785034-1186376766-512", "PrincipalType": "Group"}, {"RightName": "GenericAll", "AceType": "", "IsInherited": false, "PrincipalSID": "S-1-5-21-2966785786-3096785034-1186376766-519", "PrincipalType": "Group"}, {"RightName": "GenericWrite", "AceType": "", "IsInherited": false, "PrincipalSID": "EGOTISTICAL-BANK.LOCAL-S-1-5-32-544", "PrincipalType": "Group"}, {"RightName": "WriteOwner", "AceType": "", "IsInherited": false, "PrincipalSID": "EGOTISTICAL-BANK.LOCAL-S-1-5-32-544", "PrincipalType": "Group"}, {"RightName": "ExtendedRight", "AceType": "All", "IsInherited": false, "PrincipalSID": "EGOTISTICAL-BANK.LOCAL-S-1-5-32-544", "PrincipalType": "Group"}, {"RightName": "WriteDacl", "AceType": "", "IsInherited": false, "PrincipalSID": "EGOTISTICAL-BANK.LOCAL-S-1-5-32-544", "PrincipalType": "Group"}], "Links": [], "Users": [], "Computers": [], "ChildOus": []}], "meta": {"type": "domains", "count": 1, "version": 3}}