{"computers":[{"ObjectIdentifier": "S-1-5-21-2966785786-3096785034-1186376766-1000", "AllowedToAct": [], "PrimaryGroupSid": "S-1-5-21-2966785786-3096785034-1186376766-516", "LocalAdmins": [{"MemberId": "S-1-5-21-2966785786-3096785034-1186376766-519", "MemberType": "Group"}, {"MemberId": "S-1-5-21-2966785786-3096785034-1186376766-512", "MemberType": "Group"}, {"MemberId": "S-1-5-21-2966785786-3096785034-1186376766-500", "MemberType": "User"}], "PSRemoteUsers": [{"MemberId": "S-1-5-21-2966785786-3096785034-1186376766-1108", "MemberType": "User"}, {"MemberId": "S-1-5-21-2966785786-3096785034-1186376766-1105", "MemberType": "User"}], "Properties": {"name": "SAUNA.EGOTISTICAL-BANK.LOCAL", "objectid": "S-1-5-21-2966785786-3096785034-1186376766-1000", "domain": "EGOTISTICAL-BANK.LOCAL", "highvalue": false, "distinguishedname": "CN=SAUNA,OU=Domain Controllers,DC=EGOTISTICAL-BANK,DC=LOCAL", "unconstraineddelegation": true, "enabled": true, "haslaps": false, "lastlogontimestamp": 1622163433, "pwdlastset": 1622163423, "serviceprincipalnames": ["Dfsr-12F9A27C-BF97-4787-9364-D31B6C55EB04/SAUNA.EGOTISTICAL-BANK.LOCAL", "ldap/SAUNA.EGOTISTICAL-BANK.LOCAL/ForestDnsZones.EGOTISTICAL-BANK.LOCAL", "ldap/SAUNA.EGOTISTICAL-BANK.LOCAL/DomainDnsZones.EGOTISTICAL-BANK.LOCAL", "DNS/SAUNA.EGOTISTICAL-BANK.LOCAL", "GC/SAUNA.EGOTISTICAL-BANK.LOCAL/EGOTISTICAL-BANK.LOCAL", "RestrictedKrbHost/SAUNA.EGOTISTICAL-BANK.LOCAL", "RestrictedKrbHost/SAUNA", "RPC/b3e0be40-25c6-44ec-b2b9-9ff85c44b2ec._msdcs.EGOTISTICAL-BANK.LOCAL", "HOST/SAUNA/EGOTISTICALBANK", "HOST/SAUNA.EGOTISTICAL-BANK.LOCAL/EGOTISTICALBANK", "HOST/SAUNA", "HOST/SAUNA.EGOTISTICAL-BANK.LOCAL", "HOST/SAUNA.EGOTISTICAL-BANK.LOCAL/EGOTISTICAL-BANK.LOCAL", "E3514235-4B06-11D1-AB04-00C04FC2DCD2/b3e0be40-25c6-44ec-b2b9-9ff85c44b2ec/EGOTISTICAL-BANK.LOCAL", "ldap/SAUNA/EGOTISTICALBANK", "ldap/b3e0be40-25c6-44ec-b2b9-9ff85c44b2ec._msdcs.EGOTISTICAL-BANK.LOCAL", "ldap/SAUNA.EGOTISTICAL-BANK.LOCAL/EGOTISTICALBANK", "ldap/SAUNA", "ldap/SAUNA.EGOTISTICAL-BANK.LOCAL", "ldap/SAUNA.EGOTISTICAL-BANK.LOCAL/EGOTISTICAL-BANK.LOCAL"], "description": null, "operatingsystem": "Windows Server 2019 Standard"}, "RemoteDesktopUsers": [], "DcomUsers": [], "AllowedToDelegate": [], "Sessions": [], "Aces": [{"RightName": "Owner", "AceType": "", "IsInherited": false, "PrincipalSID": "S-1-5-21-2966785786-3096785034-1186376766-512", "PrincipalType": "Group"}, {"RightName": "GenericAll", "AceType": "", "IsInherited": false, "PrincipalSID": "S-1-5-21-2966785786-3096785034-1186376766-512", "PrincipalType": "Group"}, {"RightName": "WriteProperty", "AceType": "AllowedToAct", "IsInherited": true, "PrincipalSID": "EGOTISTICAL-BANK.LOCAL-S-1-5-10", "PrincipalType": "User"}, {"RightName": "GenericAll", "AceType": "", "IsInherited": true, "PrincipalSID": "S-1-5-21-2966785786-3096785034-1186376766-519", "PrincipalType": "Group"}, {"RightName": "GenericWrite", "AceType": "", "IsInherited": true, "PrincipalSID": "EGOTISTICAL-BANK.LOCAL-S-1-5-32-544", "PrincipalType": "Group"}, {"RightName": "WriteOwner", "AceType": "", "IsInherited": true, "PrincipalSID": "EGOTISTICAL-BANK.LOCAL-S-1-5-32-544", "PrincipalType": "Group"}, {"RightName": "WriteDacl", "AceType": "", "IsInherited": true, "PrincipalSID": "EGOTISTICAL-BANK.LOCAL-S-1-5-32-544", "PrincipalType": "Group"}]}],"meta":{"type":"computers","count":1, "version":3}}