{"users":[{"AllowedToDelegate": [], "ObjectIdentifier": "S-1-5-21-2966785786-3096785034-1186376766-502", "PrimaryGroupSid": "S-1-5-21-2966785786-3096785034-1186376766-513", "Properties": {"name": "KRBTGT@EGOTISTICAL-BANK.LOCAL", "domain": "EGOTISTICAL-BANK.LOCAL", "objectid": "S-1-5-21-2966785786-3096785034-1186376766-502", "distinguishedname": "CN=krbtgt,CN=Users,DC=EGOTISTICAL-BANK,DC=LOCAL", "highvalue": false, "unconstraineddelegation": false, "passwordnotreqd": false, "enabled": false, "lastlogon": -1, "lastlogontimestamp": -1, "pwdlastset": 1579758330, "dontreqpreauth": false, "pwdneverexpires": false, "sensitive": false, "serviceprincipalnames": ["kadmin/changepw"], "hasspn": true, "displayname": null, "email": null, "title": null, "homedirectory": null, "description": "Key Distribution Center Service Account", "userpassword": null, "admincount": true, "sidhistory": []}, "Aces": [{"RightName": "Owner", "AceType": "", "IsInherited": false, "PrincipalSID": "S-1-5-21-2966785786-3096785034-1186376766-512", "PrincipalType": "Group"}, {"RightName": "GenericWrite", "AceType": "", "IsInherited": false, "PrincipalSID": "S-1-5-21-2966785786-3096785034-1186376766-512", "PrincipalType": "Group"}, {"RightName": "WriteOwner", "AceType": "", "IsInherited": false, "PrincipalSID": "S-1-5-21-2966785786-3096785034-1186376766-512", "PrincipalType": "Group"}, {"RightName": "ExtendedRight", "AceType": "All", "IsInherited": false, "PrincipalSID": "S-1-5-21-2966785786-3096785034-1186376766-512", "PrincipalType": "Group"}, {"RightName": "WriteDacl", "AceType": "", "IsInherited": false, "PrincipalSID": "S-1-5-21-2966785786-3096785034-1186376766-512", "PrincipalType": "Group"}, {"RightName": "GenericWrite", "AceType": "", "IsInherited": false, "PrincipalSID": "S-1-5-21-2966785786-3096785034-1186376766-519", "PrincipalType": "Group"}, {"RightName": "WriteOwner", "AceType": "", "IsInherited": false, "PrincipalSID": "S-1-5-21-2966785786-3096785034-1186376766-519", "PrincipalType": "Group"}, {"RightName": "ExtendedRight", "AceType": "All", "IsInherited": false, "PrincipalSID": "S-1-5-21-2966785786-3096785034-1186376766-519", "PrincipalType": "Group"}, {"RightName": "WriteDacl", "AceType": "", "IsInherited": false, "PrincipalSID": "S-1-5-21-2966785786-3096785034-1186376766-519", "PrincipalType": "Group"}, {"RightName": "GenericWrite", "AceType": "", "IsInherited": false, "PrincipalSID": "EGOTISTICAL-BANK.LOCAL-S-1-5-32-544", "PrincipalType": "Group"}, {"RightName": "WriteOwner", "AceType": "", "IsInherited": false, "PrincipalSID": "EGOTISTICAL-BANK.LOCAL-S-1-5-32-544", "PrincipalType": "Group"}, {"RightName": "ExtendedRight", "AceType": "All", "IsInherited": false, "PrincipalSID": "EGOTISTICAL-BANK.LOCAL-S-1-5-32-544", "PrincipalType": "Group"}, {"RightName": "WriteDacl", "AceType": "", "IsInherited": false, "PrincipalSID": "EGOTISTICAL-BANK.LOCAL-S-1-5-32-544", "PrincipalType": "Group"}], "SPNTargets": [], "HasSIDHistory": []},{"AllowedToDelegate": [], "ObjectIdentifier": "S-1-5-21-2966785786-3096785034-1186376766-1108", "PrimaryGroupSid": "S-1-5-21-2966785786-3096785034-1186376766-513", "Properties": {"name": "SVC_LOANMGR@EGOTISTICAL-BANK.LOCAL", "domain": "EGOTISTICAL-BANK.LOCAL", "objectid": "S-1-5-21-2966785786-3096785034-1186376766-1108", "distinguishedname": "CN=L Manager,CN=Users,DC=EGOTISTICAL-BANK,DC=LOCAL", "highvalue": false, "unconstraineddelegation": false, "passwordnotreqd": false, "enabled": true, "lastlogon": -1, "lastlogontimestamp": 1622164516, "pwdlastset": 1579909711, "dontreqpreauth": false, "pwdneverexpires": true, "sensitive": false, "serviceprincipalnames": [], "hasspn": false, "displayname": "L Manager", "email": null, "title": null, "homedirectory": null, "description": null, "userpassword": null, "admincount": false, "sidhistory": []}, "Aces": [{"RightName": "Owner", "AceType": "", "IsInherited": false, "PrincipalSID": "S-1-5-21-2966785786-3096785034-1186376766-512", "PrincipalType": "Group"}, {"RightName": "GenericAll", "AceType": "", "IsInherited": false, "PrincipalSID": "S-1-5-21-2966785786-3096785034-1186376766-512", "PrincipalType": "Group"}, {"RightName": "GenericAll", "AceType": "", "IsInherited": false, "PrincipalSID": "EGOTISTICAL-BANK.LOCAL-S-1-5-32-548", "PrincipalType": "Group"}, {"RightName": "GenericAll", "AceType": "", "IsInherited": true, "PrincipalSID": "S-1-5-21-2966785786-3096785034-1186376766-519", "PrincipalType": "Group"}, {"RightName": "GenericWrite", "AceType": "", "IsInherited": true, "PrincipalSID": "EGOTISTICAL-BANK.LOCAL-S-1-5-32-544", "PrincipalType": "Group"}, {"RightName": "WriteOwner", "AceType": "", "IsInherited": true, "PrincipalSID": "EGOTISTICAL-BANK.LOCAL-S-1-5-32-544", "PrincipalType": "Group"}, {"RightName": "ExtendedRight", "AceType": "All", "IsInherited": true, "PrincipalSID": "EGOTISTICAL-BANK.LOCAL-S-1-5-32-544", "PrincipalType": "Group"}, {"RightName": "WriteDacl", "AceType": "", "IsInherited": true, "PrincipalSID": "EGOTISTICAL-BANK.LOCAL-S-1-5-32-544", "PrincipalType": "Group"}], "SPNTargets": [], "HasSIDHistory": []},{"AllowedToDelegate": [], "ObjectIdentifier": "S-1-5-21-2966785786-3096785034-1186376766-1103", "PrimaryGroupSid": "S-1-5-21-2966785786-3096785034-1186376766-513", "Properties": {"name": "HSMITH@EGOTISTICAL-BANK.LOCAL", "domain": "EGOTISTICAL-BANK.LOCAL", "objectid": "S-1-5-21-2966785786-3096785034-1186376766-1103", "distinguishedname": "CN=Hugo Smith,DC=EGOTISTICAL-BANK,DC=LOCAL", "highvalue": false, "unconstraineddelegation": false, "passwordnotreqd": false, "enabled": true, "lastlogon": -1, "lastlogontimestamp": -1, "pwdlastset": 1579758874, "dontreqpreauth": false, "pwdneverexpires": false, "sensitive": false, "serviceprincipalnames": ["SAUNA/HSmith.EGOTISTICALBANK.LOCAL:60111"], "hasspn": true, "displayname": "Hugo Smith", "email": null, "title": null, "homedirectory": null, "description": null, "userpassword": null, "admincount": false, "sidhistory": []}, "Aces": [{"RightName": "Owner", "AceType": "", "IsInherited": false, "PrincipalSID": "S-1-5-21-2966785786-3096785034-1186376766-512", "PrincipalType": "Group"}, {"RightName": "GenericAll", "AceType": "", "IsInherited": false, "PrincipalSID": "S-1-5-21-2966785786-3096785034-1186376766-512", "PrincipalType": "Group"}, {"RightName": "GenericAll", "AceType": "", "IsInherited": false, "PrincipalSID": "EGOTISTICAL-BANK.LOCAL-S-1-5-32-548", "PrincipalType": "Group"}, {"RightName": "GenericAll", "AceType": "", "IsInherited": true, "PrincipalSID": "S-1-5-21-2966785786-3096785034-1186376766-519", "PrincipalType": "Group"}, {"RightName": "GenericWrite", "AceType": "", "IsInherited": true, "PrincipalSID": "EGOTISTICAL-BANK.LOCAL-S-1-5-32-544", "PrincipalType": "Group"}, {"RightName": "WriteOwner", "AceType": "", "IsInherited": true, "PrincipalSID": "EGOTISTICAL-BANK.LOCAL-S-1-5-32-544", "PrincipalType": "Group"}, {"RightName": "ExtendedRight", "AceType": "All", "IsInherited": true, "PrincipalSID": "EGOTISTICAL-BANK.LOCAL-S-1-5-32-544", "PrincipalType": "Group"}, {"RightName": "WriteDacl", "AceType": "", "IsInherited": true, "PrincipalSID": "EGOTISTICAL-BANK.LOCAL-S-1-5-32-544", "PrincipalType": "Group"}], "SPNTargets": [], "HasSIDHistory": []},{"AllowedToDelegate": [], "ObjectIdentifier": "S-1-5-21-2966785786-3096785034-1186376766-500", "PrimaryGroupSid": "S-1-5-21-2966785786-3096785034-1186376766-513", "Properties": {"name": "ADMINISTRATOR@EGOTISTICAL-BANK.LOCAL", "domain": "EGOTISTICAL-BANK.LOCAL", "objectid": "S-1-5-21-2966785786-3096785034-1186376766-500", "distinguishedname": "CN=Administrator,CN=Users,DC=EGOTISTICAL-BANK,DC=LOCAL", "highvalue": false, "unconstraineddelegation": false, "passwordnotreqd": false, "enabled": true, "lastlogon": 1593466899, "lastlogontimestamp": 1622163484, "pwdlastset": 1579886055, "dontreqpreauth": false, "pwdneverexpires": true, "sensitive": false, "serviceprincipalnames": [], "hasspn": false, "displayname": null, "email": null, "title": null, "homedirectory": null, "description": "Built-in account for administering the computer/domain", "userpassword": null, "admincount": true, "sidhistory": []}, "Aces": [{"RightName": "Owner", "AceType": "", "IsInherited": false, "PrincipalSID": "S-1-5-21-2966785786-3096785034-1186376766-512", "PrincipalType": "Group"}, {"RightName": "GenericWrite", "AceType": "", "IsInherited": false, "PrincipalSID": "S-1-5-21-2966785786-3096785034-1186376766-512", "PrincipalType": "Group"}, {"RightName": "WriteOwner", "AceType": "", "IsInherited": false, "PrincipalSID": "S-1-5-21-2966785786-3096785034-1186376766-512", "PrincipalType": "Group"}, {"RightName": "ExtendedRight", "AceType": "All", "IsInherited": false, "PrincipalSID": "S-1-5-21-2966785786-3096785034-1186376766-512", "PrincipalType": "Group"}, {"RightName": "WriteDacl", "AceType": "", "IsInherited": false, "PrincipalSID": "S-1-5-21-2966785786-3096785034-1186376766-512", "PrincipalType": "Group"}, {"RightName": "GenericWrite", "AceType": "", "IsInherited": false, "PrincipalSID": "S-1-5-21-2966785786-3096785034-1186376766-519", "PrincipalType": "Group"}, {"RightName": "WriteOwner", "AceType": "", "IsInherited": false, "PrincipalSID": "S-1-5-21-2966785786-3096785034-1186376766-519", "PrincipalType": "Group"}, {"RightName": "ExtendedRight", "AceType": "All", "IsInherited": false, "PrincipalSID": "S-1-5-21-2966785786-3096785034-1186376766-519", "PrincipalType": "Group"}, {"RightName": "WriteDacl", "AceType": "", "IsInherited": false, "PrincipalSID": "S-1-5-21-2966785786-3096785034-1186376766-519", "PrincipalType": "Group"}, {"RightName": "GenericWrite", "AceType": "", "IsInherited": false, "PrincipalSID": "EGOTISTICAL-BANK.LOCAL-S-1-5-32-544", "PrincipalType": "Group"}, {"RightName": "WriteOwner", "AceType": "", "IsInherited": false, "PrincipalSID": "EGOTISTICAL-BANK.LOCAL-S-1-5-32-544", "PrincipalType": "Group"}, {"RightName": "ExtendedRight", "AceType": "All", "IsInherited": false, "PrincipalSID": "EGOTISTICAL-BANK.LOCAL-S-1-5-32-544", "PrincipalType": "Group"}, {"RightName": "WriteDacl", "AceType": "", "IsInherited": false, "PrincipalSID": "EGOTISTICAL-BANK.LOCAL-S-1-5-32-544", "PrincipalType": "Group"}], "SPNTargets": [], "HasSIDHistory": []},{"AllowedToDelegate": [], "ObjectIdentifier": "S-1-5-21-2966785786-3096785034-1186376766-1105", "PrimaryGroupSid": "S-1-5-21-2966785786-3096785034-1186376766-513", "Properties": {"name": "FSMITH@EGOTISTICAL-BANK.LOCAL", "domain": "EGOTISTICAL-BANK.LOCAL", "objectid": "S-1-5-21-2966785786-3096785034-1186376766-1105", "distinguishedname": "CN=Fergus Smith,CN=Users,DC=EGOTISTICAL-BANK,DC=LOCAL", "highvalue": false, "unconstraineddelegation": false, "passwordnotreqd": false, "enabled": true, "lastlogon": 1579908475, "lastlogontimestamp": 1622163441, "pwdlastset": 1579797919, "dontreqpreauth": true, "pwdneverexpires": true, "sensitive": false, "serviceprincipalnames": [], "hasspn": false, "displayname": "Fergus Smith", "email": null, "title": null, "homedirectory": null, "description": null, "userpassword": null, "admincount": false, "sidhistory": []}, "Aces": [{"RightName": "Owner", "AceType": "", "IsInherited": false, "PrincipalSID": "S-1-5-21-2966785786-3096785034-1186376766-512", "PrincipalType": "Group"}, {"RightName": "GenericAll", "AceType": "", "IsInherited": false, "PrincipalSID": "S-1-5-21-2966785786-3096785034-1186376766-512", "PrincipalType": "Group"}, {"RightName": "GenericAll", "AceType": "", "IsInherited": false, "PrincipalSID": "EGOTISTICAL-BANK.LOCAL-S-1-5-32-548", "PrincipalType": "Group"}, {"RightName": "GenericAll", "AceType": "", "IsInherited": true, "PrincipalSID": "S-1-5-21-2966785786-3096785034-1186376766-519", "PrincipalType": "Group"}, {"RightName": "GenericWrite", "AceType": "", "IsInherited": true, "PrincipalSID": "EGOTISTICAL-BANK.LOCAL-S-1-5-32-544", "PrincipalType": "Group"}, {"RightName": "WriteOwner", "AceType": "", "IsInherited": true, "PrincipalSID": "EGOTISTICAL-BANK.LOCAL-S-1-5-32-544", "PrincipalType": "Group"}, {"RightName": "ExtendedRight", "AceType": "All", "IsInherited": true, "PrincipalSID": "EGOTISTICAL-BANK.LOCAL-S-1-5-32-544", "PrincipalType": "Group"}, {"RightName": "WriteDacl", "AceType": "", "IsInherited": true, "PrincipalSID": "EGOTISTICAL-BANK.LOCAL-S-1-5-32-544", "PrincipalType": "Group"}], "SPNTargets": [], "HasSIDHistory": []},{"AllowedToDelegate": [], "ObjectIdentifier": "S-1-5-21-2966785786-3096785034-1186376766-501", "PrimaryGroupSid": "S-1-5-21-2966785786-3096785034-1186376766-514", "Properties": {"name": "GUEST@EGOTISTICAL-BANK.LOCAL", "domain": "EGOTISTICAL-BANK.LOCAL", "objectid": "S-1-5-21-2966785786-3096785034-1186376766-501", "distinguishedname": "CN=Guest,CN=Users,DC=EGOTISTICAL-BANK,DC=LOCAL", "highvalue": false, "unconstraineddelegation": false, "passwordnotreqd": true, "enabled": false, "lastlogon": -1, "lastlogontimestamp": -1, "pwdlastset": -1, "dontreqpreauth": false, "pwdneverexpires": true, "sensitive": false, "serviceprincipalnames": [], "hasspn": false, "displayname": null, "email": null, "title": null, "homedirectory": null, "description": "Built-in account for guest access to the computer/domain", "userpassword": null, "admincount": false, "sidhistory": []}, "Aces": [{"RightName": "Owner", "AceType": "", "IsInherited": false, "PrincipalSID": "EGOTISTICAL-BANK.LOCAL-S-1-5-32-544", "PrincipalType": "Group"}, {"RightName": "GenericAll", "AceType": "", "IsInherited": false, "PrincipalSID": "S-1-5-21-2966785786-3096785034-1186376766-512", "PrincipalType": "Group"}, {"RightName": "GenericAll", "AceType": "", "IsInherited": false, "PrincipalSID": "EGOTISTICAL-BANK.LOCAL-S-1-5-32-548", "PrincipalType": "Group"}, {"RightName": "GenericAll", "AceType": "", "IsInherited": true, "PrincipalSID": "S-1-5-21-2966785786-3096785034-1186376766-519", "PrincipalType": "Group"}, {"RightName": "GenericWrite", "AceType": "", "IsInherited": true, "PrincipalSID": "EGOTISTICAL-BANK.LOCAL-S-1-5-32-544", "PrincipalType": "Group"}, {"RightName": "WriteOwner", "AceType": "", "IsInherited": true, "PrincipalSID": "EGOTISTICAL-BANK.LOCAL-S-1-5-32-544", "PrincipalType": "Group"}, {"RightName": "ExtendedRight", "AceType": "All", "IsInherited": true, "PrincipalSID": "EGOTISTICAL-BANK.LOCAL-S-1-5-32-544", "PrincipalType": "Group"}, {"RightName": "WriteDacl", "AceType": "", "IsInherited": true, "PrincipalSID": "EGOTISTICAL-BANK.LOCAL-S-1-5-32-544", "PrincipalType": "Group"}], "SPNTargets": [], "HasSIDHistory": []}],"meta":{"type":"users","count":6, "version":3}}