{"users":[{"AllowedToDelegate": [], "ObjectIdentifier": "S-1-5-21-405608879-3187717380-1996298813-501", "PrimaryGroupSid": "S-1-5-21-405608879-3187717380-1996298813-514", "Properties": {"name": "GUEST@ACTIVE.HTB", "domain": "ACTIVE.HTB", "objectid": "S-1-5-21-405608879-3187717380-1996298813-501", "distinguishedname": "CN=Guest,CN=Users,DC=active,DC=htb", "highvalue": false, "unconstraineddelegation": false, "passwordnotreqd": true, "enabled": false, "lastlogon": -1, "lastlogontimestamp": -1, "pwdlastset": -1, "dontreqpreauth": false, "pwdneverexpires": true, "sensitive": false, "serviceprincipalnames": [], "hasspn": false, "displayname": null, "email": null, "title": null, "homedirectory": null, "description": "Built-in account for guest access to the computer/domain", "userpassword": null, "admincount": false, "sidhistory": []}, "Aces": [{"RightName": "Owner", "AceType": "", "IsInherited": false, "PrincipalSID": "ACTIVE.HTB-S-1-5-32-544", "PrincipalType": "Group"}, {"RightName": "GenericAll", "AceType": "", "IsInherited": false, "PrincipalSID": "ACTIVE.HTB-S-1-5-32-544", "PrincipalType": "Group"}, {"RightName": "GenericAll", "AceType": "", "IsInherited": false, "PrincipalSID": "ACTIVE.HTB-S-1-5-32-548", "PrincipalType": "Group"}, {"RightName": "GenericWrite", "AceType": "", "IsInherited": true, "PrincipalSID": "ACTIVE.HTB-S-1-5-32-544", "PrincipalType": "Group"}, {"RightName": "WriteOwner", "AceType": "", "IsInherited": true, "PrincipalSID": "ACTIVE.HTB-S-1-5-32-544", "PrincipalType": "Group"}, {"RightName": "ExtendedRight", "AceType": "All", "IsInherited": true, "PrincipalSID": "ACTIVE.HTB-S-1-5-32-544", "PrincipalType": "Group"}, {"RightName": "WriteDacl", "AceType": "", "IsInherited": true, "PrincipalSID": "ACTIVE.HTB-S-1-5-32-544", "PrincipalType": "Group"}, {"RightName": "GenericAll", "AceType": "", "IsInherited": true, "PrincipalSID": "S-1-5-21-405608879-3187717380-1996298813-519", "PrincipalType": "Group"}], "SPNTargets": [], "HasSIDHistory": []},{"AllowedToDelegate": [], "ObjectIdentifier": "S-1-5-21-405608879-3187717380-1996298813-502", "PrimaryGroupSid": "S-1-5-21-405608879-3187717380-1996298813-513", "Properties": {"name": "KRBTGT@ACTIVE.HTB", "domain": "ACTIVE.HTB", "objectid": "S-1-5-21-405608879-3187717380-1996298813-502", "distinguishedname": "CN=krbtgt,CN=Users,DC=active,DC=htb", "highvalue": false, "unconstraineddelegation": false, "passwordnotreqd": false, "enabled": false, "lastlogon": -1, "lastlogontimestamp": -1, "pwdlastset": 1531939836, "dontreqpreauth": false, "pwdneverexpires": false, "sensitive": false, "serviceprincipalnames": ["kadmin/changepw"], "hasspn": true, "displayname": null, "email": null, "title": null, "homedirectory": null, "description": "Key Distribution Center Service Account", "userpassword": null, "admincount": true, "sidhistory": []}, "Aces": [{"RightName": "Owner", "AceType": "", "IsInherited": false, "PrincipalSID": "S-1-5-21-405608879-3187717380-1996298813-512", "PrincipalType": "Group"}, {"RightName": "GenericWrite", "AceType": "", "IsInherited": false, "PrincipalSID": "S-1-5-21-405608879-3187717380-1996298813-512", "PrincipalType": "Group"}, {"RightName": "WriteOwner", "AceType": "", "IsInherited": false, "PrincipalSID": "S-1-5-21-405608879-3187717380-1996298813-512", "PrincipalType": "Group"}, {"RightName": "ExtendedRight", "AceType": "All", "IsInherited": false, "PrincipalSID": "S-1-5-21-405608879-3187717380-1996298813-512", "PrincipalType": "Group"}, {"RightName": "WriteDacl", "AceType": "", "IsInherited": false, "PrincipalSID": "S-1-5-21-405608879-3187717380-1996298813-512", "PrincipalType": "Group"}, {"RightName": "GenericWrite", "AceType": "", "IsInherited": false, "PrincipalSID": "S-1-5-21-405608879-3187717380-1996298813-519", "PrincipalType": "Group"}, {"RightName": "WriteOwner", "AceType": "", "IsInherited": false, "PrincipalSID": "S-1-5-21-405608879-3187717380-1996298813-519", "PrincipalType": "Group"}, {"RightName": "ExtendedRight", "AceType": "All", "IsInherited": false, "PrincipalSID": "S-1-5-21-405608879-3187717380-1996298813-519", "PrincipalType": "Group"}, {"RightName": "WriteDacl", "AceType": "", "IsInherited": false, "PrincipalSID": "S-1-5-21-405608879-3187717380-1996298813-519", "PrincipalType": "Group"}, {"RightName": "GenericWrite", "AceType": "", "IsInherited": false, "PrincipalSID": "ACTIVE.HTB-S-1-5-32-544", "PrincipalType": "Group"}, {"RightName": "WriteOwner", "AceType": "", "IsInherited": false, "PrincipalSID": "ACTIVE.HTB-S-1-5-32-544", "PrincipalType": "Group"}, {"RightName": "ExtendedRight", "AceType": "All", "IsInherited": false, "PrincipalSID": "ACTIVE.HTB-S-1-5-32-544", "PrincipalType": "Group"}, {"RightName": "WriteDacl", "AceType": "", "IsInherited": false, "PrincipalSID": "ACTIVE.HTB-S-1-5-32-544", "PrincipalType": "Group"}], "SPNTargets": [], "HasSIDHistory": []},{"AllowedToDelegate": [], "ObjectIdentifier": "S-1-5-21-405608879-3187717380-1996298813-1103", "PrimaryGroupSid": "S-1-5-21-405608879-3187717380-1996298813-513", "Properties": {"name": "SVC_TGS@ACTIVE.HTB", "domain": "ACTIVE.HTB", "objectid": "S-1-5-21-405608879-3187717380-1996298813-1103", "distinguishedname": "CN=SVC_TGS,CN=Users,DC=active,DC=htb", "highvalue": false, "unconstraineddelegation": false, "passwordnotreqd": false, "enabled": true, "lastlogon": 1622124079, "lastlogontimestamp": 1622120095, "pwdlastset": 1531944878, "dontreqpreauth": false, "pwdneverexpires": true, "sensitive": false, "serviceprincipalnames": [], "hasspn": false, "displayname": "SVC_TGS", "email": null, "title": null, "homedirectory": null, "description": null, "userpassword": null, "admincount": false, "sidhistory": []}, "Aces": [{"RightName": "Owner", "AceType": "", "IsInherited": false, "PrincipalSID": "S-1-5-21-405608879-3187717380-1996298813-512", "PrincipalType": "Group"}, {"RightName": "GenericAll", "AceType": "", "IsInherited": false, "PrincipalSID": "S-1-5-21-405608879-3187717380-1996298813-512", "PrincipalType": "Group"}, {"RightName": "GenericAll", "AceType": "", "IsInherited": false, "PrincipalSID": "ACTIVE.HTB-S-1-5-32-548", "PrincipalType": "Group"}, {"RightName": "GenericWrite", "AceType": "", "IsInherited": true, "PrincipalSID": "ACTIVE.HTB-S-1-5-32-544", "PrincipalType": "Group"}, {"RightName": "WriteOwner", "AceType": "", "IsInherited": true, "PrincipalSID": "ACTIVE.HTB-S-1-5-32-544", "PrincipalType": "Group"}, {"RightName": "ExtendedRight", "AceType": "All", "IsInherited": true, "PrincipalSID": "ACTIVE.HTB-S-1-5-32-544", "PrincipalType": "Group"}, {"RightName": "WriteDacl", "AceType": "", "IsInherited": true, "PrincipalSID": "ACTIVE.HTB-S-1-5-32-544", "PrincipalType": "Group"}, {"RightName": "GenericAll", "AceType": "", "IsInherited": true, "PrincipalSID": "S-1-5-21-405608879-3187717380-1996298813-519", "PrincipalType": "Group"}], "SPNTargets": [], "HasSIDHistory": []},{"AllowedToDelegate": [], "ObjectIdentifier": "S-1-5-21-405608879-3187717380-1996298813-500", "PrimaryGroupSid": "S-1-5-21-405608879-3187717380-1996298813-513", "Properties": {"name": "ADMINISTRATOR@ACTIVE.HTB", "domain": "ACTIVE.HTB", "objectid": "S-1-5-21-405608879-3187717380-1996298813-500", "distinguishedname": "CN=Administrator,CN=Users,DC=active,DC=htb", "highvalue": false, "unconstraineddelegation": false, "passwordnotreqd": false, "enabled": true, "lastlogon": 1611245223, "lastlogontimestamp": 1622123116, "pwdlastset": 1531940800, "dontreqpreauth": false, "pwdneverexpires": true, "sensitive": false, "serviceprincipalnames": ["active/CIFS:445"], "hasspn": true, "displayname": null, "email": null, "title": null, "homedirectory": null, "description": "Built-in account for administering the computer/domain", "userpassword": null, "admincount": true, "sidhistory": []}, "Aces": [{"RightName": "Owner", "AceType": "", "IsInherited": false, "PrincipalSID": "S-1-5-21-405608879-3187717380-1996298813-512", "PrincipalType": "Group"}, {"RightName": "GenericWrite", "AceType": "", "IsInherited": false, "PrincipalSID": "S-1-5-21-405608879-3187717380-1996298813-512", "PrincipalType": "Group"}, {"RightName": "WriteOwner", "AceType": "", "IsInherited": false, "PrincipalSID": "S-1-5-21-405608879-3187717380-1996298813-512", "PrincipalType": "Group"}, {"RightName": "ExtendedRight", "AceType": "All", "IsInherited": false, "PrincipalSID": "S-1-5-21-405608879-3187717380-1996298813-512", "PrincipalType": "Group"}, {"RightName": "WriteDacl", "AceType": "", "IsInherited": false, "PrincipalSID": "S-1-5-21-405608879-3187717380-1996298813-512", "PrincipalType": "Group"}, {"RightName": "GenericWrite", "AceType": "", "IsInherited": false, "PrincipalSID": "S-1-5-21-405608879-3187717380-1996298813-519", "PrincipalType": "Group"}, {"RightName": "WriteOwner", "AceType": "", "IsInherited": false, "PrincipalSID": "S-1-5-21-405608879-3187717380-1996298813-519", "PrincipalType": "Group"}, {"RightName": "ExtendedRight", "AceType": "All", "IsInherited": false, "PrincipalSID": "S-1-5-21-405608879-3187717380-1996298813-519", "PrincipalType": "Group"}, {"RightName": "WriteDacl", "AceType": "", "IsInherited": false, "PrincipalSID": "S-1-5-21-405608879-3187717380-1996298813-519", "PrincipalType": "Group"}, {"RightName": "GenericWrite", "AceType": "", "IsInherited": false, "PrincipalSID": "ACTIVE.HTB-S-1-5-32-544", "PrincipalType": "Group"}, {"RightName": "WriteOwner", "AceType": "", "IsInherited": false, "PrincipalSID": "ACTIVE.HTB-S-1-5-32-544", "PrincipalType": "Group"}, {"RightName": "ExtendedRight", "AceType": "All", "IsInherited": false, "PrincipalSID": "ACTIVE.HTB-S-1-5-32-544", "PrincipalType": "Group"}, {"RightName": "WriteDacl", "AceType": "", "IsInherited": false, "PrincipalSID": "ACTIVE.HTB-S-1-5-32-544", "PrincipalType": "Group"}], "SPNTargets": [], "HasSIDHistory": []}],"meta":{"type":"users","count":4, "version":3}}