{"domains": [{"ObjectIdentifier": "S-1-5-21-405608879-3187717380-1996298813", "Properties": {"name": "ACTIVE.HTB", "domain": "ACTIVE.HTB", "highvalue": true, "objectid": "S-1-5-21-405608879-3187717380-1996298813", "distinguishedname": "DC=active,DC=htb", "description": null, "functionallevel": "2008 R2"}, "Trusts": [], "Aces": [{"RightName": "Owner", "AceType": "", "IsInherited": false, "PrincipalSID": "ACTIVE.HTB-S-1-5-32-544", "PrincipalType": "Group"}, {"RightName": "ExtendedRight", "AceType": "GetChanges", "IsInherited": false, "PrincipalSID": "S-1-5-21-405608879-3187717380-1996298813-498", "PrincipalType": "Group"}, {"RightName": "ExtendedRight", "AceType": "GetChanges", "IsInherited": false, "PrincipalSID": "ACTIVE.HTB-S-1-5-9", "PrincipalType": "Group"}, {"RightName": "ExtendedRight", "AceType": "GetChanges", "IsInherited": false, "PrincipalSID": "ACTIVE.HTB-S-1-5-32-544", "PrincipalType": "Group"}, {"RightName": "GenericWrite", "AceType": "", "IsInherited": false, "PrincipalSID": "S-1-5-21-405608879-3187717380-1996298813-512", "PrincipalType": "Group"}, {"RightName": "WriteOwner", "AceType": "", "IsInherited": false, "PrincipalSID": "S-1-5-21-405608879-3187717380-1996298813-512", "PrincipalType": "Group"}, {"RightName": "ExtendedRight", "AceType": "All", "IsInherited": false, "PrincipalSID": "S-1-5-21-405608879-3187717380-1996298813-512", "PrincipalType": "Group"}, {"RightName": "WriteDacl", "AceType": "", "IsInherited": false, "PrincipalSID": "S-1-5-21-405608879-3187717380-1996298813-512", "PrincipalType": "Group"}, {"RightName": "GenericWrite", "AceType": "", "IsInherited": false, "PrincipalSID": "ACTIVE.HTB-S-1-5-32-544", "PrincipalType": "Group"}, {"RightName": "WriteOwner", "AceType": "", "IsInherited": false, "PrincipalSID": "ACTIVE.HTB-S-1-5-32-544", "PrincipalType": "Group"}, {"RightName": "ExtendedRight", "AceType": "All", "IsInherited": false, "PrincipalSID": "ACTIVE.HTB-S-1-5-32-544", "PrincipalType": "Group"}, {"RightName": "WriteDacl", "AceType": "", "IsInherited": false, "PrincipalSID": "ACTIVE.HTB-S-1-5-32-544", "PrincipalType": "Group"}, {"RightName": "GenericAll", "AceType": "", "IsInherited": false, "PrincipalSID": "S-1-5-21-405608879-3187717380-1996298813-519", "PrincipalType": "Group"}, {"RightName": "ExtendedRight", "AceType": "GetChangesAll", "IsInherited": false, "PrincipalSID": "S-1-5-21-405608879-3187717380-1996298813-516", "PrincipalType": "Group"}, {"RightName": "ExtendedRight", "AceType": "GetChangesAll", "IsInherited": false, "PrincipalSID": "ACTIVE.HTB-S-1-5-32-544", "PrincipalType": "Group"}], "Links": [], "Users": [], "Computers": [], "ChildOus": []}], "meta": {"type": "domains", "count": 1, "version": 3}}