{"computers":[{"ObjectIdentifier": "S-1-5-21-405608879-3187717380-1996298813-1000", "AllowedToAct": [], "PrimaryGroupSid": "S-1-5-21-405608879-3187717380-1996298813-516", "LocalAdmins": [{"MemberId": "S-1-5-21-405608879-3187717380-1996298813-519", "MemberType": "Group"}, {"MemberId": "S-1-5-21-405608879-3187717380-1996298813-512", "MemberType": "Group"}, {"MemberId": "S-1-5-21-405608879-3187717380-1996298813-500", "MemberType": "User"}], "PSRemoteUsers": [], "Properties": {"name": "DC.ACTIVE.HTB", "objectid": "S-1-5-21-405608879-3187717380-1996298813-1000", "domain": "ACTIVE.HTB", "highvalue": false, "distinguishedname": "CN=DC,OU=Domain Controllers,DC=active,DC=htb", "unconstraineddelegation": true, "enabled": true, "haslaps": false, "lastlogontimestamp": 1622095336, "pwdlastset": 1622095331, "serviceprincipalnames": ["ldap/DC.active.htb/ForestDnsZones.active.htb", "ldap/DC.active.htb/DomainDnsZones.active.htb", "TERMSRV/DC", "TERMSRV/DC.active.htb", "Dfsr-12F9A27C-BF97-4787-9364-D31B6C55EB04/DC.active.htb", "DNS/DC.active.htb", "GC/DC.active.htb/active.htb", "RestrictedKrbHost/DC.active.htb", "RestrictedKrbHost/DC", "HOST/DC/ACTIVE", "HOST/DC.active.htb/ACTIVE", "HOST/DC", "HOST/DC.active.htb", "HOST/DC.active.htb/active.htb", "E3514235-4B06-11D1-AB04-00C04FC2DCD2/f4953ea5-0f30-4041-b4dd-1a00693a8510/active.htb", "ldap/DC/ACTIVE", "ldap/f4953ea5-0f30-4041-b4dd-1a00693a8510._msdcs.active.htb", "ldap/DC.active.htb/ACTIVE", "ldap/DC", "ldap/DC.active.htb", "ldap/DC.active.htb/active.htb"], "description": null, "operatingsystem": "Windows Server 2008 R2 Standard Service Pack 1"}, "RemoteDesktopUsers": [], "DcomUsers": [], "AllowedToDelegate": [], "Sessions": [], "Aces": [{"RightName": "Owner", "AceType": "", "IsInherited": false, "PrincipalSID": "S-1-5-21-405608879-3187717380-1996298813-512", "PrincipalType": "Group"}, {"RightName": "GenericAll", "AceType": "", "IsInherited": false, "PrincipalSID": "S-1-5-21-405608879-3187717380-1996298813-512", "PrincipalType": "Group"}, {"RightName": "GenericWrite", "AceType": "", "IsInherited": true, "PrincipalSID": "ACTIVE.HTB-S-1-5-32-544", "PrincipalType": "Group"}, {"RightName": "WriteOwner", "AceType": "", "IsInherited": true, "PrincipalSID": "ACTIVE.HTB-S-1-5-32-544", "PrincipalType": "Group"}, {"RightName": "WriteDacl", "AceType": "", "IsInherited": true, "PrincipalSID": "ACTIVE.HTB-S-1-5-32-544", "PrincipalType": "Group"}, {"RightName": "GenericAll", "AceType": "", "IsInherited": true, "PrincipalSID": "S-1-5-21-405608879-3187717380-1996298813-519", "PrincipalType": "Group"}]}],"meta":{"type":"computers","count":1, "version":3}}