{"groups":[{"ObjectIdentifier": "S-1-5-21-405608879-3187717380-1996298813-1102", "Properties": {"domain": "ACTIVE.HTB", "objectid": "S-1-5-21-405608879-3187717380-1996298813-1102", "highvalue": false, "name": "DNSUPDATEPROXY@ACTIVE.HTB", "distinguishedname": "CN=DnsUpdateProxy,CN=Users,DC=active,DC=htb", "admincount": false, "description": "DNS clients who are permitted to perform dynamic updates on behalf of some other clients (such as DHCP servers)."}, "Members": [], "Aces": [{"RightName": "GenericAll", "AceType": "", "IsInherited": false, "PrincipalSID": "S-1-5-21-405608879-3187717380-1996298813-512", "PrincipalType": "Group"}, {"RightName": "GenericAll", "AceType": "", "IsInherited": false, "PrincipalSID": "ACTIVE.HTB-S-1-5-32-548", "PrincipalType": "Group"}, {"RightName": "GenericWrite", "AceType": "", "IsInherited": true, "PrincipalSID": "ACTIVE.HTB-S-1-5-32-544", "PrincipalType": "Group"}, {"RightName": "WriteOwner", "AceType": "", "IsInherited": true, "PrincipalSID": "ACTIVE.HTB-S-1-5-32-544", "PrincipalType": "Group"}, {"RightName": "WriteDacl", "AceType": "", "IsInherited": true, "PrincipalSID": "ACTIVE.HTB-S-1-5-32-544", "PrincipalType": "Group"}, {"RightName": "GenericAll", "AceType": "", "IsInherited": true, "PrincipalSID": "S-1-5-21-405608879-3187717380-1996298813-519", "PrincipalType": "Group"}]},{"ObjectIdentifier": "S-1-5-21-405608879-3187717380-1996298813-521", "Properties": {"domain": "ACTIVE.HTB", "objectid": "S-1-5-21-405608879-3187717380-1996298813-521", "highvalue": false, "name": "READ-ONLY DOMAIN CONTROLLERS@ACTIVE.HTB", "distinguishedname": "CN=Read-only Domain Controllers,CN=Users,DC=active,DC=htb", "admincount": true, "description": "Members of this group are Read-Only Domain Controllers in the domain"}, "Members": [], "Aces": [{"RightName": "Owner", "AceType": "", "IsInherited": false, "PrincipalSID": "S-1-5-21-405608879-3187717380-1996298813-512", "PrincipalType": "Group"}, {"RightName": "GenericWrite", "AceType": "", "IsInherited": false, "PrincipalSID": "S-1-5-21-405608879-3187717380-1996298813-512", "PrincipalType": "Group"}, {"RightName": "WriteOwner", "AceType": "", "IsInherited": false, "PrincipalSID": "S-1-5-21-405608879-3187717380-1996298813-512", "PrincipalType": "Group"}, {"RightName": "WriteDacl", "AceType": "", "IsInherited": false, "PrincipalSID": "S-1-5-21-405608879-3187717380-1996298813-512", "PrincipalType": "Group"}, {"RightName": "GenericWrite", "AceType": "", "IsInherited": false, "PrincipalSID": "S-1-5-21-405608879-3187717380-1996298813-519", "PrincipalType": "Group"}, {"RightName": "WriteOwner", "AceType": "", "IsInherited": false, "PrincipalSID": "S-1-5-21-405608879-3187717380-1996298813-519", "PrincipalType": "Group"}, {"RightName": "WriteDacl", "AceType": "", "IsInherited": false, "PrincipalSID": "S-1-5-21-405608879-3187717380-1996298813-519", "PrincipalType": "Group"}, {"RightName": "GenericWrite", "AceType": "", "IsInherited": false, "PrincipalSID": "ACTIVE.HTB-S-1-5-32-544", "PrincipalType": "Group"}, {"RightName": "WriteOwner", "AceType": "", "IsInherited": false, "PrincipalSID": "ACTIVE.HTB-S-1-5-32-544", "PrincipalType": "Group"}, {"RightName": "WriteDacl", "AceType": "", "IsInherited": false, "PrincipalSID": "ACTIVE.HTB-S-1-5-32-544", "PrincipalType": "Group"}]},{"ObjectIdentifier": "S-1-5-21-405608879-3187717380-1996298813-1101", "Properties": {"domain": "ACTIVE.HTB", "objectid": "S-1-5-21-405608879-3187717380-1996298813-1101", "highvalue": false, "name": "DNSADMINS@ACTIVE.HTB", "distinguishedname": "CN=DnsAdmins,CN=Users,DC=active,DC=htb", "admincount": false, "description": "DNS Administrators Group"}, "Members": [], "Aces": [{"RightName": "GenericAll", "AceType": "", "IsInherited": false, "PrincipalSID": "S-1-5-21-405608879-3187717380-1996298813-512", "PrincipalType": "Group"}, {"RightName": "GenericAll", "AceType": "", "IsInherited": false, "PrincipalSID": "ACTIVE.HTB-S-1-5-32-548", "PrincipalType": "Group"}, {"RightName": "GenericWrite", "AceType": "", "IsInherited": true, "PrincipalSID": "ACTIVE.HTB-S-1-5-32-544", "PrincipalType": "Group"}, {"RightName": "WriteOwner", "AceType": "", "IsInherited": true, "PrincipalSID": "ACTIVE.HTB-S-1-5-32-544", "PrincipalType": "Group"}, {"RightName": "WriteDacl", "AceType": "", "IsInherited": true, "PrincipalSID": "ACTIVE.HTB-S-1-5-32-544", "PrincipalType": "Group"}, {"RightName": "GenericAll", "AceType": "", "IsInherited": true, "PrincipalSID": "S-1-5-21-405608879-3187717380-1996298813-519", "PrincipalType": "Group"}]},{"ObjectIdentifier": "S-1-5-21-405608879-3187717380-1996298813-498", "Properties": {"domain": "ACTIVE.HTB", "objectid": "S-1-5-21-405608879-3187717380-1996298813-498", "highvalue": false, "name": "ENTERPRISE READ-ONLY DOMAIN CONTROLLERS@ACTIVE.HTB", "distinguishedname": "CN=Enterprise Read-only Domain Controllers,CN=Users,DC=active,DC=htb", "admincount": false, "description": "Members of this group are Read-Only Domain Controllers in the enterprise"}, "Members": [], "Aces": [{"RightName": "Owner", "AceType": "", "IsInherited": false, "PrincipalSID": "S-1-5-21-405608879-3187717380-1996298813-512", "PrincipalType": "Group"}, {"RightName": "GenericAll", "AceType": "", "IsInherited": false, "PrincipalSID": "S-1-5-21-405608879-3187717380-1996298813-512", "PrincipalType": "Group"}, {"RightName": "GenericAll", "AceType": "", "IsInherited": false, "PrincipalSID": "ACTIVE.HTB-S-1-5-32-548", "PrincipalType": "Group"}, {"RightName": "GenericWrite", "AceType": "", "IsInherited": true, "PrincipalSID": "ACTIVE.HTB-S-1-5-32-544", "PrincipalType": "Group"}, {"RightName": "WriteOwner", "AceType": "", "IsInherited": true, "PrincipalSID": "ACTIVE.HTB-S-1-5-32-544", "PrincipalType": "Group"}, {"RightName": "WriteDacl", "AceType": "", "IsInherited": true, "PrincipalSID": "ACTIVE.HTB-S-1-5-32-544", "PrincipalType": "Group"}, {"RightName": "GenericAll", "AceType": "", "IsInherited": true, "PrincipalSID": "S-1-5-21-405608879-3187717380-1996298813-519", "PrincipalType": "Group"}]},{"ObjectIdentifier": "S-1-5-21-405608879-3187717380-1996298813-572", "Properties": {"domain": "ACTIVE.HTB", "objectid": "S-1-5-21-405608879-3187717380-1996298813-572", "highvalue": false, "name": "DENIED RODC PASSWORD REPLICATION GROUP@ACTIVE.HTB", "distinguishedname": "CN=Denied RODC Password Replication Group,CN=Users,DC=active,DC=htb", "admincount": false, "description": "Members in this group cannot have their passwords replicated to any read-only domain controllers in the domain"}, "Members": [{"MemberId": "S-1-5-21-405608879-3187717380-1996298813-521", "MemberType": "Group"}, {"MemberId": "S-1-5-21-405608879-3187717380-1996298813-520", "MemberType": "Group"}, {"MemberId": "S-1-5-21-405608879-3187717380-1996298813-512", "MemberType": "Group"}, {"MemberId": "S-1-5-21-405608879-3187717380-1996298813-517", "MemberType": "Group"}, {"MemberId": "S-1-5-21-405608879-3187717380-1996298813-519", "MemberType": "Group"}, {"MemberId": "S-1-5-21-405608879-3187717380-1996298813-518", "MemberType": "Group"}, {"MemberId": "S-1-5-21-405608879-3187717380-1996298813-516", "MemberType": "Group"}, {"MemberId": "S-1-5-21-405608879-3187717380-1996298813-502", "MemberType": "User"}], "Aces": [{"RightName": "Owner", "AceType": "", "IsInherited": false, "PrincipalSID": "S-1-5-21-405608879-3187717380-1996298813-512", "PrincipalType": "Group"}, {"RightName": "GenericAll", "AceType": "", "IsInherited": false, "PrincipalSID": "S-1-5-21-405608879-3187717380-1996298813-512", "PrincipalType": "Group"}, {"RightName": "GenericAll", "AceType": "", "IsInherited": false, "PrincipalSID": "ACTIVE.HTB-S-1-5-32-548", "PrincipalType": "Group"}, {"RightName": "GenericWrite", "AceType": "", "IsInherited": true, "PrincipalSID": "ACTIVE.HTB-S-1-5-32-544", "PrincipalType": "Group"}, {"RightName": "WriteOwner", "AceType": "", "IsInherited": true, "PrincipalSID": "ACTIVE.HTB-S-1-5-32-544", "PrincipalType": "Group"}, {"RightName": "WriteDacl", "AceType": "", "IsInherited": true, "PrincipalSID": "ACTIVE.HTB-S-1-5-32-544", "PrincipalType": "Group"}, {"RightName": "GenericAll", "AceType": "", "IsInherited": true, "PrincipalSID": "S-1-5-21-405608879-3187717380-1996298813-519", "PrincipalType": "Group"}]},{"ObjectIdentifier": "S-1-5-21-405608879-3187717380-1996298813-571", "Properties": {"domain": "ACTIVE.HTB", "objectid": "S-1-5-21-405608879-3187717380-1996298813-571", "highvalue": false, "name": "ALLOWED RODC PASSWORD REPLICATION GROUP@ACTIVE.HTB", "distinguishedname": "CN=Allowed RODC Password Replication Group,CN=Users,DC=active,DC=htb", "admincount": false, "description": "Members in this group can have their passwords replicated to all read-only domain controllers in the domain"}, "Members": [], "Aces": [{"RightName": "Owner", "AceType": "", "IsInherited": false, "PrincipalSID": "S-1-5-21-405608879-3187717380-1996298813-512", "PrincipalType": "Group"}, {"RightName": "GenericAll", "AceType": "", "IsInherited": false, "PrincipalSID": "S-1-5-21-405608879-3187717380-1996298813-512", "PrincipalType": "Group"}, {"RightName": "GenericAll", "AceType": "", "IsInherited": false, "PrincipalSID": "ACTIVE.HTB-S-1-5-32-548", "PrincipalType": "Group"}, {"RightName": "GenericWrite", "AceType": "", "IsInherited": true, "PrincipalSID": "ACTIVE.HTB-S-1-5-32-544", "PrincipalType": "Group"}, {"RightName": "WriteOwner", "AceType": "", "IsInherited": true, "PrincipalSID": "ACTIVE.HTB-S-1-5-32-544", "PrincipalType": "Group"}, {"RightName": "WriteDacl", "AceType": "", "IsInherited": true, "PrincipalSID": "ACTIVE.HTB-S-1-5-32-544", "PrincipalType": "Group"}, {"RightName": "GenericAll", "AceType": "", "IsInherited": true, "PrincipalSID": "S-1-5-21-405608879-3187717380-1996298813-519", "PrincipalType": "Group"}]},{"ObjectIdentifier": "ACTIVE.HTB-S-1-5-32-561", "Properties": {"domain": "ACTIVE.HTB", "objectid": "ACTIVE.HTB-S-1-5-32-561", "highvalue": false, "name": "TERMINAL SERVER LICENSE SERVERS@ACTIVE.HTB", "distinguishedname": "CN=Terminal Server License Servers,CN=Builtin,DC=active,DC=htb", "admincount": false, "description": "Members of this group can update user accounts in Active Directory with information about license issuance, for the purpose of tracking and reporting TS Per User CAL usage"}, "Members": [], "Aces": [{"RightName": "Owner", "AceType": "", "IsInherited": false, "PrincipalSID": "S-1-5-21-405608879-3187717380-1996298813-512", "PrincipalType": "Group"}, {"RightName": "GenericAll", "AceType": "", "IsInherited": false, "PrincipalSID": "S-1-5-21-405608879-3187717380-1996298813-512", "PrincipalType": "Group"}, {"RightName": "GenericAll", "AceType": "", "IsInherited": false, "PrincipalSID": "ACTIVE.HTB-S-1-5-32-548", "PrincipalType": "Group"}, {"RightName": "GenericAll", "AceType": "", "IsInherited": true, "PrincipalSID": "S-1-5-21-405608879-3187717380-1996298813-519", "PrincipalType": "Group"}, {"RightName": "GenericWrite", "AceType": "", "IsInherited": true, "PrincipalSID": "ACTIVE.HTB-S-1-5-32-544", "PrincipalType": "Group"}, {"RightName": "WriteOwner", "AceType": "", "IsInherited": true, "PrincipalSID": "ACTIVE.HTB-S-1-5-32-544", "PrincipalType": "Group"}, {"RightName": "WriteDacl", "AceType": "", "IsInherited": true, "PrincipalSID": "ACTIVE.HTB-S-1-5-32-544", "PrincipalType": "Group"}]},{"ObjectIdentifier": "ACTIVE.HTB-S-1-5-32-557", "Properties": {"domain": "ACTIVE.HTB", "objectid": "ACTIVE.HTB-S-1-5-32-557", "highvalue": false, "name": "INCOMING FOREST TRUST BUILDERS@ACTIVE.HTB", "distinguishedname": "CN=Incoming Forest Trust Builders,CN=Builtin,DC=active,DC=htb", "admincount": false, "description": "Members of this group can create incoming, one-way trusts to this forest"}, "Members": [], "Aces": [{"RightName": "Owner", "AceType": "", "IsInherited": false, "PrincipalSID": "S-1-5-21-405608879-3187717380-1996298813-512", "PrincipalType": "Group"}, {"RightName": "GenericAll", "AceType": "", "IsInherited": false, "PrincipalSID": "S-1-5-21-405608879-3187717380-1996298813-512", "PrincipalType": "Group"}, {"RightName": "GenericAll", "AceType": "", "IsInherited": false, "PrincipalSID": "ACTIVE.HTB-S-1-5-32-548", "PrincipalType": "Group"}, {"RightName": "GenericAll", "AceType": "", "IsInherited": true, "PrincipalSID": "S-1-5-21-405608879-3187717380-1996298813-519", "PrincipalType": "Group"}, {"RightName": "GenericWrite", "AceType": "", "IsInherited": true, "PrincipalSID": "ACTIVE.HTB-S-1-5-32-544", "PrincipalType": "Group"}, {"RightName": "WriteOwner", "AceType": "", "IsInherited": true, "PrincipalSID": "ACTIVE.HTB-S-1-5-32-544", "PrincipalType": "Group"}, {"RightName": "WriteDacl", "AceType": "", "IsInherited": true, "PrincipalSID": "ACTIVE.HTB-S-1-5-32-544", "PrincipalType": "Group"}]},{"ObjectIdentifier": "ACTIVE.HTB-S-1-5-32-560", "Properties": {"domain": "ACTIVE.HTB", "objectid": "ACTIVE.HTB-S-1-5-32-560", "highvalue": false, "name": "WINDOWS AUTHORIZATION ACCESS GROUP@ACTIVE.HTB", "distinguishedname": "CN=Windows Authorization Access Group,CN=Builtin,DC=active,DC=htb", "admincount": false, "description": "Members of this group have access to the computed tokenGroupsGlobalAndUniversal attribute on User objects"}, "Members": [{"MemberId": "ACTIVE.HTB-S-1-5-9", "MemberType": "Group"}], "Aces": [{"RightName": "Owner", "AceType": "", "IsInherited": false, "PrincipalSID": "S-1-5-21-405608879-3187717380-1996298813-512", "PrincipalType": "Group"}, {"RightName": "GenericAll", "AceType": "", "IsInherited": false, "PrincipalSID": "S-1-5-21-405608879-3187717380-1996298813-512", "PrincipalType": "Group"}, {"RightName": "GenericAll", "AceType": "", "IsInherited": false, "PrincipalSID": "ACTIVE.HTB-S-1-5-32-548", "PrincipalType": "Group"}, {"RightName": "GenericAll", "AceType": "", "IsInherited": true, "PrincipalSID": "S-1-5-21-405608879-3187717380-1996298813-519", "PrincipalType": "Group"}, {"RightName": "GenericWrite", "AceType": "", "IsInherited": true, "PrincipalSID": "ACTIVE.HTB-S-1-5-32-544", "PrincipalType": "Group"}, {"RightName": "WriteOwner", "AceType": "", "IsInherited": true, "PrincipalSID": "ACTIVE.HTB-S-1-5-32-544", "PrincipalType": "Group"}, {"RightName": "WriteDacl", "AceType": "", "IsInherited": true, "PrincipalSID": "ACTIVE.HTB-S-1-5-32-544", "PrincipalType": "Group"}]},{"ObjectIdentifier": "ACTIVE.HTB-S-1-5-32-554", "Properties": {"domain": "ACTIVE.HTB", "objectid": "ACTIVE.HTB-S-1-5-32-554", "highvalue": false, "name": "PRE-WINDOWS 2000 COMPATIBLE ACCESS@ACTIVE.HTB", "distinguishedname": "CN=Pre-Windows 2000 Compatible Access,CN=Builtin,DC=active,DC=htb", "admincount": false, "description": "A backward compatibility group which allows read access on all users and groups in the domain"}, "Members": [{"MemberId": "ACTIVE.HTB-S-1-5-11", "MemberType": "Group"}], "Aces": [{"RightName": "Owner", "AceType": "", "IsInherited": false, "PrincipalSID": "S-1-5-21-405608879-3187717380-1996298813-512", "PrincipalType": "Group"}, {"RightName": "GenericAll", "AceType": "", "IsInherited": false, "PrincipalSID": "S-1-5-21-405608879-3187717380-1996298813-512", "PrincipalType": "Group"}, {"RightName": "GenericAll", "AceType": "", "IsInherited": false, "PrincipalSID": "ACTIVE.HTB-S-1-5-32-548", "PrincipalType": "Group"}, {"RightName": "GenericAll", "AceType": "", "IsInherited": true, "PrincipalSID": "S-1-5-21-405608879-3187717380-1996298813-519", "PrincipalType": "Group"}, {"RightName": "GenericWrite", "AceType": "", "IsInherited": true, "PrincipalSID": "ACTIVE.HTB-S-1-5-32-544", "PrincipalType": "Group"}, {"RightName": "WriteOwner", "AceType": "", "IsInherited": true, "PrincipalSID": "ACTIVE.HTB-S-1-5-32-544", "PrincipalType": "Group"}, {"RightName": "WriteDacl", "AceType": "", "IsInherited": true, "PrincipalSID": "ACTIVE.HTB-S-1-5-32-544", "PrincipalType": "Group"}]},{"ObjectIdentifier": "ACTIVE.HTB-S-1-5-32-548", "Properties": {"domain": "ACTIVE.HTB", "objectid": "ACTIVE.HTB-S-1-5-32-548", "highvalue": true, "name": "ACCOUNT OPERATORS@ACTIVE.HTB", "distinguishedname": "CN=Account Operators,CN=Builtin,DC=active,DC=htb", "admincount": true, "description": "Members can administer domain user and group accounts"}, "Members": [], "Aces": [{"RightName": "Owner", "AceType": "", "IsInherited": false, "PrincipalSID": "S-1-5-21-405608879-3187717380-1996298813-512", "PrincipalType": "Group"}, {"RightName": "GenericWrite", "AceType": "", "IsInherited": false, "PrincipalSID": "S-1-5-21-405608879-3187717380-1996298813-512", "PrincipalType": "Group"}, {"RightName": "WriteOwner", "AceType": "", "IsInherited": false, "PrincipalSID": "S-1-5-21-405608879-3187717380-1996298813-512", "PrincipalType": "Group"}, {"RightName": "WriteDacl", "AceType": "", "IsInherited": false, "PrincipalSID": "S-1-5-21-405608879-3187717380-1996298813-512", "PrincipalType": "Group"}, {"RightName": "GenericWrite", "AceType": "", "IsInherited": false, "PrincipalSID": "S-1-5-21-405608879-3187717380-1996298813-519", "PrincipalType": "Group"}, {"RightName": "WriteOwner", "AceType": "", "IsInherited": false, "PrincipalSID": "S-1-5-21-405608879-3187717380-1996298813-519", "PrincipalType": "Group"}, {"RightName": "WriteDacl", "AceType": "", "IsInherited": false, "PrincipalSID": "S-1-5-21-405608879-3187717380-1996298813-519", "PrincipalType": "Group"}, {"RightName": "GenericWrite", "AceType": "", "IsInherited": false, "PrincipalSID": "ACTIVE.HTB-S-1-5-32-544", "PrincipalType": "Group"}, {"RightName": "WriteOwner", "AceType": "", "IsInherited": false, "PrincipalSID": "ACTIVE.HTB-S-1-5-32-544", "PrincipalType": "Group"}, {"RightName": "WriteDacl", "AceType": "", "IsInherited": false, "PrincipalSID": "ACTIVE.HTB-S-1-5-32-544", "PrincipalType": "Group"}]},{"ObjectIdentifier": "ACTIVE.HTB-S-1-5-32-549", "Properties": {"domain": "ACTIVE.HTB", "objectid": "ACTIVE.HTB-S-1-5-32-549", "highvalue": true, "name": "SERVER OPERATORS@ACTIVE.HTB", "distinguishedname": "CN=Server Operators,CN=Builtin,DC=active,DC=htb", "admincount": true, "description": "Members can administer domain servers"}, "Members": [], "Aces": [{"RightName": "Owner", "AceType": "", "IsInherited": false, "PrincipalSID": "S-1-5-21-405608879-3187717380-1996298813-512", "PrincipalType": "Group"}, {"RightName": "GenericWrite", "AceType": "", "IsInherited": false, "PrincipalSID": "S-1-5-21-405608879-3187717380-1996298813-512", "PrincipalType": "Group"}, {"RightName": "WriteOwner", "AceType": "", "IsInherited": false, "PrincipalSID": "S-1-5-21-405608879-3187717380-1996298813-512", "PrincipalType": "Group"}, {"RightName": "WriteDacl", "AceType": "", "IsInherited": false, "PrincipalSID": "S-1-5-21-405608879-3187717380-1996298813-512", "PrincipalType": "Group"}, {"RightName": "GenericWrite", "AceType": "", "IsInherited": false, "PrincipalSID": "S-1-5-21-405608879-3187717380-1996298813-519", "PrincipalType": "Group"}, {"RightName": "WriteOwner", "AceType": "", "IsInherited": false, "PrincipalSID": "S-1-5-21-405608879-3187717380-1996298813-519", "PrincipalType": "Group"}, {"RightName": "WriteDacl", "AceType": "", "IsInherited": false, "PrincipalSID": "S-1-5-21-405608879-3187717380-1996298813-519", "PrincipalType": "Group"}, {"RightName": "GenericWrite", "AceType": "", "IsInherited": false, "PrincipalSID": "ACTIVE.HTB-S-1-5-32-544", "PrincipalType": "Group"}, {"RightName": "WriteOwner", "AceType": "", "IsInherited": false, "PrincipalSID": "ACTIVE.HTB-S-1-5-32-544", "PrincipalType": "Group"}, {"RightName": "WriteDacl", "AceType": "", "IsInherited": false, "PrincipalSID": "ACTIVE.HTB-S-1-5-32-544", "PrincipalType": "Group"}]},{"ObjectIdentifier": "S-1-5-21-405608879-3187717380-1996298813-553", "Properties": {"domain": "ACTIVE.HTB", "objectid": "S-1-5-21-405608879-3187717380-1996298813-553", "highvalue": false, "name": "RAS AND IAS SERVERS@ACTIVE.HTB", "distinguishedname": "CN=RAS and IAS Servers,CN=Users,DC=active,DC=htb", "admincount": false, "description": "Servers in this group can access remote access properties of users"}, "Members": [], "Aces": [{"RightName": "Owner", "AceType": "", "IsInherited": false, "PrincipalSID": "S-1-5-21-405608879-3187717380-1996298813-512", "PrincipalType": "Group"}, {"RightName": "GenericAll", "AceType": "", "IsInherited": false, "PrincipalSID": "S-1-5-21-405608879-3187717380-1996298813-512", "PrincipalType": "Group"}, {"RightName": "GenericAll", "AceType": "", "IsInherited": false, "PrincipalSID": "ACTIVE.HTB-S-1-5-32-548", "PrincipalType": "Group"}, {"RightName": "GenericWrite", "AceType": "", "IsInherited": true, "PrincipalSID": "ACTIVE.HTB-S-1-5-32-544", "PrincipalType": "Group"}, {"RightName": "WriteOwner", "AceType": "", "IsInherited": true, "PrincipalSID": "ACTIVE.HTB-S-1-5-32-544", "PrincipalType": "Group"}, {"RightName": "WriteDacl", "AceType": "", "IsInherited": true, "PrincipalSID": "ACTIVE.HTB-S-1-5-32-544", "PrincipalType": "Group"}, {"RightName": "GenericAll", "AceType": "", "IsInherited": true, "PrincipalSID": "S-1-5-21-405608879-3187717380-1996298813-519", "PrincipalType": "Group"}]},{"ObjectIdentifier": "S-1-5-21-405608879-3187717380-1996298813-520", "Properties": {"domain": "ACTIVE.HTB", "objectid": "S-1-5-21-405608879-3187717380-1996298813-520", "highvalue": true, "name": "GROUP POLICY CREATOR OWNERS@ACTIVE.HTB", "distinguishedname": "CN=Group Policy Creator Owners,CN=Users,DC=active,DC=htb", "admincount": false, "description": "Members in this group can modify group policy for the domain"}, "Members": [{"MemberId": "S-1-5-21-405608879-3187717380-1996298813-500", "MemberType": "User"}], "Aces": [{"RightName": "Owner", "AceType": "", "IsInherited": false, "PrincipalSID": "S-1-5-21-405608879-3187717380-1996298813-512", "PrincipalType": "Group"}, {"RightName": "GenericAll", "AceType": "", "IsInherited": false, "PrincipalSID": "S-1-5-21-405608879-3187717380-1996298813-512", "PrincipalType": "Group"}, {"RightName": "GenericAll", "AceType": "", "IsInherited": false, "PrincipalSID": "ACTIVE.HTB-S-1-5-32-548", "PrincipalType": "Group"}, {"RightName": "GenericWrite", "AceType": "", "IsInherited": true, "PrincipalSID": "ACTIVE.HTB-S-1-5-32-544", "PrincipalType": "Group"}, {"RightName": "WriteOwner", "AceType": "", "IsInherited": true, "PrincipalSID": "ACTIVE.HTB-S-1-5-32-544", "PrincipalType": "Group"}, {"RightName": "WriteDacl", "AceType": "", "IsInherited": true, "PrincipalSID": "ACTIVE.HTB-S-1-5-32-544", "PrincipalType": "Group"}, {"RightName": "GenericAll", "AceType": "", "IsInherited": true, "PrincipalSID": "S-1-5-21-405608879-3187717380-1996298813-519", "PrincipalType": "Group"}]},{"ObjectIdentifier": "S-1-5-21-405608879-3187717380-1996298813-514", "Properties": {"domain": "ACTIVE.HTB", "objectid": "S-1-5-21-405608879-3187717380-1996298813-514", "highvalue": false, "name": "DOMAIN GUESTS@ACTIVE.HTB", "distinguishedname": "CN=Domain Guests,CN=Users,DC=active,DC=htb", "admincount": false, "description": "All domain guests"}, "Members": [], "Aces": [{"RightName": "Owner", "AceType": "", "IsInherited": false, "PrincipalSID": "S-1-5-21-405608879-3187717380-1996298813-512", "PrincipalType": "Group"}, {"RightName": "GenericAll", "AceType": "", "IsInherited": false, "PrincipalSID": "S-1-5-21-405608879-3187717380-1996298813-512", "PrincipalType": "Group"}, {"RightName": "GenericAll", "AceType": "", "IsInherited": false, "PrincipalSID": "ACTIVE.HTB-S-1-5-32-548", "PrincipalType": "Group"}, {"RightName": "GenericWrite", "AceType": "", "IsInherited": true, "PrincipalSID": "ACTIVE.HTB-S-1-5-32-544", "PrincipalType": "Group"}, {"RightName": "WriteOwner", "AceType": "", "IsInherited": true, "PrincipalSID": "ACTIVE.HTB-S-1-5-32-544", "PrincipalType": "Group"}, {"RightName": "WriteDacl", "AceType": "", "IsInherited": true, "PrincipalSID": "ACTIVE.HTB-S-1-5-32-544", "PrincipalType": "Group"}, {"RightName": "GenericAll", "AceType": "", "IsInherited": true, "PrincipalSID": "S-1-5-21-405608879-3187717380-1996298813-519", "PrincipalType": "Group"}]},{"ObjectIdentifier": "S-1-5-21-405608879-3187717380-1996298813-513", "Properties": {"domain": "ACTIVE.HTB", "objectid": "S-1-5-21-405608879-3187717380-1996298813-513", "highvalue": false, "name": "DOMAIN USERS@ACTIVE.HTB", "distinguishedname": "CN=Domain Users,CN=Users,DC=active,DC=htb", "admincount": false, "description": "All domain users"}, "Members": [], "Aces": [{"RightName": "Owner", "AceType": "", "IsInherited": false, "PrincipalSID": "S-1-5-21-405608879-3187717380-1996298813-512", "PrincipalType": "Group"}, {"RightName": "GenericAll", "AceType": "", "IsInherited": false, "PrincipalSID": "S-1-5-21-405608879-3187717380-1996298813-512", "PrincipalType": "Group"}, {"RightName": "GenericAll", "AceType": "", "IsInherited": false, "PrincipalSID": "ACTIVE.HTB-S-1-5-32-548", "PrincipalType": "Group"}, {"RightName": "GenericWrite", "AceType": "", "IsInherited": true, "PrincipalSID": "ACTIVE.HTB-S-1-5-32-544", "PrincipalType": "Group"}, {"RightName": "WriteOwner", "AceType": "", "IsInherited": true, "PrincipalSID": "ACTIVE.HTB-S-1-5-32-544", "PrincipalType": "Group"}, {"RightName": "WriteDacl", "AceType": "", "IsInherited": true, "PrincipalSID": "ACTIVE.HTB-S-1-5-32-544", "PrincipalType": "Group"}, {"RightName": "GenericAll", "AceType": "", "IsInherited": true, "PrincipalSID": "S-1-5-21-405608879-3187717380-1996298813-519", "PrincipalType": "Group"}]},{"ObjectIdentifier": "S-1-5-21-405608879-3187717380-1996298813-512", "Properties": {"domain": "ACTIVE.HTB", "objectid": "S-1-5-21-405608879-3187717380-1996298813-512", "highvalue": true, "name": "DOMAIN ADMINS@ACTIVE.HTB", "distinguishedname": "CN=Domain Admins,CN=Users,DC=active,DC=htb", "admincount": true, "description": "Designated administrators of the domain"}, "Members": [{"MemberId": "S-1-5-21-405608879-3187717380-1996298813-500", "MemberType": "User"}], "Aces": [{"RightName": "Owner", "AceType": "", "IsInherited": false, "PrincipalSID": "S-1-5-21-405608879-3187717380-1996298813-512", "PrincipalType": "Group"}, {"RightName": "GenericWrite", "AceType": "", "IsInherited": false, "PrincipalSID": "S-1-5-21-405608879-3187717380-1996298813-512", "PrincipalType": "Group"}, {"RightName": "WriteOwner", "AceType": "", "IsInherited": false, "PrincipalSID": "S-1-5-21-405608879-3187717380-1996298813-512", "PrincipalType": "Group"}, {"RightName": "WriteDacl", "AceType": "", "IsInherited": false, "PrincipalSID": "S-1-5-21-405608879-3187717380-1996298813-512", "PrincipalType": "Group"}, {"RightName": "GenericWrite", "AceType": "", "IsInherited": false, "PrincipalSID": "S-1-5-21-405608879-3187717380-1996298813-519", "PrincipalType": "Group"}, {"RightName": "WriteOwner", "AceType": "", "IsInherited": false, "PrincipalSID": "S-1-5-21-405608879-3187717380-1996298813-519", "PrincipalType": "Group"}, {"RightName": "WriteDacl", "AceType": "", "IsInherited": false, "PrincipalSID": "S-1-5-21-405608879-3187717380-1996298813-519", "PrincipalType": "Group"}, {"RightName": "GenericWrite", "AceType": "", "IsInherited": false, "PrincipalSID": "ACTIVE.HTB-S-1-5-32-544", "PrincipalType": "Group"}, {"RightName": "WriteOwner", "AceType": "", "IsInherited": false, "PrincipalSID": "ACTIVE.HTB-S-1-5-32-544", "PrincipalType": "Group"}, {"RightName": "WriteDacl", "AceType": "", "IsInherited": false, "PrincipalSID": "ACTIVE.HTB-S-1-5-32-544", "PrincipalType": "Group"}]},{"ObjectIdentifier": "S-1-5-21-405608879-3187717380-1996298813-517", "Properties": {"domain": "ACTIVE.HTB", "objectid": "S-1-5-21-405608879-3187717380-1996298813-517", "highvalue": false, "name": "CERT PUBLISHERS@ACTIVE.HTB", "distinguishedname": "CN=Cert Publishers,CN=Users,DC=active,DC=htb", "admincount": false, "description": "Members of this group are permitted to publish certificates to the directory"}, "Members": [], "Aces": [{"RightName": "Owner", "AceType": "", "IsInherited": false, "PrincipalSID": "S-1-5-21-405608879-3187717380-1996298813-512", "PrincipalType": "Group"}, {"RightName": "GenericAll", "AceType": "", "IsInherited": false, "PrincipalSID": "S-1-5-21-405608879-3187717380-1996298813-512", "PrincipalType": "Group"}, {"RightName": "GenericAll", "AceType": "", "IsInherited": false, "PrincipalSID": "ACTIVE.HTB-S-1-5-32-548", "PrincipalType": "Group"}, {"RightName": "GenericWrite", "AceType": "", "IsInherited": true, "PrincipalSID": "ACTIVE.HTB-S-1-5-32-544", "PrincipalType": "Group"}, {"RightName": "WriteOwner", "AceType": "", "IsInherited": true, "PrincipalSID": "ACTIVE.HTB-S-1-5-32-544", "PrincipalType": "Group"}, {"RightName": "WriteDacl", "AceType": "", "IsInherited": true, "PrincipalSID": "ACTIVE.HTB-S-1-5-32-544", "PrincipalType": "Group"}, {"RightName": "GenericAll", "AceType": "", "IsInherited": true, "PrincipalSID": "S-1-5-21-405608879-3187717380-1996298813-519", "PrincipalType": "Group"}]},{"ObjectIdentifier": "S-1-5-21-405608879-3187717380-1996298813-519", "Properties": {"domain": "ACTIVE.HTB", "objectid": "S-1-5-21-405608879-3187717380-1996298813-519", "highvalue": true, "name": "ENTERPRISE ADMINS@ACTIVE.HTB", "distinguishedname": "CN=Enterprise Admins,CN=Users,DC=active,DC=htb", "admincount": true, "description": "Designated administrators of the enterprise"}, "Members": [{"MemberId": "S-1-5-21-405608879-3187717380-1996298813-500", "MemberType": "User"}], "Aces": [{"RightName": "Owner", "AceType": "", "IsInherited": false, "PrincipalSID": "S-1-5-21-405608879-3187717380-1996298813-512", "PrincipalType": "Group"}, {"RightName": "GenericWrite", "AceType": "", "IsInherited": false, "PrincipalSID": "S-1-5-21-405608879-3187717380-1996298813-512", "PrincipalType": "Group"}, {"RightName": "WriteOwner", "AceType": "", "IsInherited": false, "PrincipalSID": "S-1-5-21-405608879-3187717380-1996298813-512", "PrincipalType": "Group"}, {"RightName": "WriteDacl", "AceType": "", "IsInherited": false, "PrincipalSID": "S-1-5-21-405608879-3187717380-1996298813-512", "PrincipalType": "Group"}, {"RightName": "GenericWrite", "AceType": "", "IsInherited": false, "PrincipalSID": "S-1-5-21-405608879-3187717380-1996298813-519", "PrincipalType": "Group"}, {"RightName": "WriteOwner", "AceType": "", "IsInherited": false, "PrincipalSID": "S-1-5-21-405608879-3187717380-1996298813-519", "PrincipalType": "Group"}, {"RightName": "WriteDacl", "AceType": "", "IsInherited": false, "PrincipalSID": "S-1-5-21-405608879-3187717380-1996298813-519", "PrincipalType": "Group"}, {"RightName": "GenericWrite", "AceType": "", "IsInherited": false, "PrincipalSID": "ACTIVE.HTB-S-1-5-32-544", "PrincipalType": "Group"}, {"RightName": "WriteOwner", "AceType": "", "IsInherited": false, "PrincipalSID": "ACTIVE.HTB-S-1-5-32-544", "PrincipalType": "Group"}, {"RightName": "WriteDacl", "AceType": "", "IsInherited": false, "PrincipalSID": "ACTIVE.HTB-S-1-5-32-544", "PrincipalType": "Group"}]},{"ObjectIdentifier": "S-1-5-21-405608879-3187717380-1996298813-516", "Properties": {"domain": "ACTIVE.HTB", "objectid": "S-1-5-21-405608879-3187717380-1996298813-516", "highvalue": true, "name": "DOMAIN CONTROLLERS@ACTIVE.HTB", "distinguishedname": "CN=Domain Controllers,CN=Users,DC=active,DC=htb", "admincount": true, "description": "All domain controllers in the domain"}, "Members": [], "Aces": [{"RightName": "Owner", "AceType": "", "IsInherited": false, "PrincipalSID": "S-1-5-21-405608879-3187717380-1996298813-512", "PrincipalType": "Group"}, {"RightName": "GenericWrite", "AceType": "", "IsInherited": false, "PrincipalSID": "S-1-5-21-405608879-3187717380-1996298813-512", "PrincipalType": "Group"}, {"RightName": "WriteOwner", "AceType": "", "IsInherited": false, "PrincipalSID": "S-1-5-21-405608879-3187717380-1996298813-512", "PrincipalType": "Group"}, {"RightName": "WriteDacl", "AceType": "", "IsInherited": false, "PrincipalSID": "S-1-5-21-405608879-3187717380-1996298813-512", "PrincipalType": "Group"}, {"RightName": "GenericWrite", "AceType": "", "IsInherited": false, "PrincipalSID": "S-1-5-21-405608879-3187717380-1996298813-519", "PrincipalType": "Group"}, {"RightName": "WriteOwner", "AceType": "", "IsInherited": false, "PrincipalSID": "S-1-5-21-405608879-3187717380-1996298813-519", "PrincipalType": "Group"}, {"RightName": "WriteDacl", "AceType": "", "IsInherited": false, "PrincipalSID": "S-1-5-21-405608879-3187717380-1996298813-519", "PrincipalType": "Group"}, {"RightName": "GenericWrite", "AceType": "", "IsInherited": false, "PrincipalSID": "ACTIVE.HTB-S-1-5-32-544", "PrincipalType": "Group"}, {"RightName": "WriteOwner", "AceType": "", "IsInherited": false, "PrincipalSID": "ACTIVE.HTB-S-1-5-32-544", "PrincipalType": "Group"}, {"RightName": "WriteDacl", "AceType": "", "IsInherited": false, "PrincipalSID": "ACTIVE.HTB-S-1-5-32-544", "PrincipalType": "Group"}]},{"ObjectIdentifier": "S-1-5-21-405608879-3187717380-1996298813-518", "Properties": {"domain": "ACTIVE.HTB", "objectid": "S-1-5-21-405608879-3187717380-1996298813-518", "highvalue": false, "name": "SCHEMA ADMINS@ACTIVE.HTB", "distinguishedname": "CN=Schema Admins,CN=Users,DC=active,DC=htb", "admincount": true, "description": "Designated administrators of the schema"}, "Members": [{"MemberId": "S-1-5-21-405608879-3187717380-1996298813-500", "MemberType": "User"}], "Aces": [{"RightName": "Owner", "AceType": "", "IsInherited": false, "PrincipalSID": "S-1-5-21-405608879-3187717380-1996298813-512", "PrincipalType": "Group"}, {"RightName": "GenericWrite", "AceType": "", "IsInherited": false, "PrincipalSID": "S-1-5-21-405608879-3187717380-1996298813-512", "PrincipalType": "Group"}, {"RightName": "WriteOwner", "AceType": "", "IsInherited": false, "PrincipalSID": "S-1-5-21-405608879-3187717380-1996298813-512", "PrincipalType": "Group"}, {"RightName": "WriteDacl", "AceType": "", "IsInherited": false, "PrincipalSID": "S-1-5-21-405608879-3187717380-1996298813-512", "PrincipalType": "Group"}, {"RightName": "GenericWrite", "AceType": "", "IsInherited": false, "PrincipalSID": "S-1-5-21-405608879-3187717380-1996298813-519", "PrincipalType": "Group"}, {"RightName": "WriteOwner", "AceType": "", "IsInherited": false, "PrincipalSID": "S-1-5-21-405608879-3187717380-1996298813-519", "PrincipalType": "Group"}, {"RightName": "WriteDacl", "AceType": "", "IsInherited": false, "PrincipalSID": "S-1-5-21-405608879-3187717380-1996298813-519", "PrincipalType": "Group"}, {"RightName": "GenericWrite", "AceType": "", "IsInherited": false, "PrincipalSID": "ACTIVE.HTB-S-1-5-32-544", "PrincipalType": "Group"}, {"RightName": "WriteOwner", "AceType": "", "IsInherited": false, "PrincipalSID": "ACTIVE.HTB-S-1-5-32-544", "PrincipalType": "Group"}, {"RightName": "WriteDacl", "AceType": "", "IsInherited": false, "PrincipalSID": "ACTIVE.HTB-S-1-5-32-544", "PrincipalType": "Group"}]},{"ObjectIdentifier": "S-1-5-21-405608879-3187717380-1996298813-515", "Properties": {"domain": "ACTIVE.HTB", "objectid": "S-1-5-21-405608879-3187717380-1996298813-515", "highvalue": false, "name": "DOMAIN COMPUTERS@ACTIVE.HTB", "distinguishedname": "CN=Domain Computers,CN=Users,DC=active,DC=htb", "admincount": false, "description": "All workstations and servers joined to the domain"}, "Members": [], "Aces": [{"RightName": "Owner", "AceType": "", "IsInherited": false, "PrincipalSID": "S-1-5-21-405608879-3187717380-1996298813-512", "PrincipalType": "Group"}, {"RightName": "GenericAll", "AceType": "", "IsInherited": false, "PrincipalSID": "S-1-5-21-405608879-3187717380-1996298813-512", "PrincipalType": "Group"}, {"RightName": "GenericAll", "AceType": "", "IsInherited": false, "PrincipalSID": "ACTIVE.HTB-S-1-5-32-548", "PrincipalType": "Group"}, {"RightName": "GenericWrite", "AceType": "", "IsInherited": true, "PrincipalSID": "ACTIVE.HTB-S-1-5-32-544", "PrincipalType": "Group"}, {"RightName": "WriteOwner", "AceType": "", "IsInherited": true, "PrincipalSID": "ACTIVE.HTB-S-1-5-32-544", "PrincipalType": "Group"}, {"RightName": "WriteDacl", "AceType": "", "IsInherited": true, "PrincipalSID": "ACTIVE.HTB-S-1-5-32-544", "PrincipalType": "Group"}, {"RightName": "GenericAll", "AceType": "", "IsInherited": true, "PrincipalSID": "S-1-5-21-405608879-3187717380-1996298813-519", "PrincipalType": "Group"}]},{"ObjectIdentifier": "ACTIVE.HTB-S-1-5-32-574", "Properties": {"domain": "ACTIVE.HTB", "objectid": "ACTIVE.HTB-S-1-5-32-574", "highvalue": false, "name": "CERTIFICATE SERVICE DCOM ACCESS@ACTIVE.HTB", "distinguishedname": "CN=Certificate Service DCOM Access,CN=Builtin,DC=active,DC=htb", "admincount": false, "description": "Members of this group are allowed to connect to Certification Authorities in the enterprise"}, "Members": [], "Aces": [{"RightName": "Owner", "AceType": "", "IsInherited": false, "PrincipalSID": "ACTIVE.HTB-S-1-5-32-544", "PrincipalType": "Group"}, {"RightName": "GenericAll", "AceType": "", "IsInherited": false, "PrincipalSID": "S-1-5-21-405608879-3187717380-1996298813-512", "PrincipalType": "Group"}, {"RightName": "GenericAll", "AceType": "", "IsInherited": false, "PrincipalSID": "ACTIVE.HTB-S-1-5-32-548", "PrincipalType": "Group"}, {"RightName": "GenericAll", "AceType": "", "IsInherited": true, "PrincipalSID": "S-1-5-21-405608879-3187717380-1996298813-519", "PrincipalType": "Group"}, {"RightName": "GenericWrite", "AceType": "", "IsInherited": true, "PrincipalSID": "ACTIVE.HTB-S-1-5-32-544", "PrincipalType": "Group"}, {"RightName": "WriteOwner", "AceType": "", "IsInherited": true, "PrincipalSID": "ACTIVE.HTB-S-1-5-32-544", "PrincipalType": "Group"}, {"RightName": "WriteDacl", "AceType": "", "IsInherited": true, "PrincipalSID": "ACTIVE.HTB-S-1-5-32-544", "PrincipalType": "Group"}]},{"ObjectIdentifier": "ACTIVE.HTB-S-1-5-32-569", "Properties": {"domain": "ACTIVE.HTB", "objectid": "ACTIVE.HTB-S-1-5-32-569", "highvalue": false, "name": "CRYPTOGRAPHIC OPERATORS@ACTIVE.HTB", "distinguishedname": "CN=Cryptographic Operators,CN=Builtin,DC=active,DC=htb", "admincount": false, "description": "Members are authorized to perform cryptographic operations."}, "Members": [], "Aces": [{"RightName": "Owner", "AceType": "", "IsInherited": false, "PrincipalSID": "ACTIVE.HTB-S-1-5-32-544", "PrincipalType": "Group"}, {"RightName": "GenericAll", "AceType": "", "IsInherited": false, "PrincipalSID": "S-1-5-21-405608879-3187717380-1996298813-512", "PrincipalType": "Group"}, {"RightName": "GenericAll", "AceType": "", "IsInherited": false, "PrincipalSID": "ACTIVE.HTB-S-1-5-32-548", "PrincipalType": "Group"}, {"RightName": "GenericAll", "AceType": "", "IsInherited": true, "PrincipalSID": "S-1-5-21-405608879-3187717380-1996298813-519", "PrincipalType": "Group"}, {"RightName": "GenericWrite", "AceType": "", "IsInherited": true, "PrincipalSID": "ACTIVE.HTB-S-1-5-32-544", "PrincipalType": "Group"}, {"RightName": "WriteOwner", "AceType": "", "IsInherited": true, "PrincipalSID": "ACTIVE.HTB-S-1-5-32-544", "PrincipalType": "Group"}, {"RightName": "WriteDacl", "AceType": "", "IsInherited": true, "PrincipalSID": "ACTIVE.HTB-S-1-5-32-544", "PrincipalType": "Group"}]},{"ObjectIdentifier": "ACTIVE.HTB-S-1-5-32-573", "Properties": {"domain": "ACTIVE.HTB", "objectid": "ACTIVE.HTB-S-1-5-32-573", "highvalue": false, "name": "EVENT LOG READERS@ACTIVE.HTB", "distinguishedname": "CN=Event Log Readers,CN=Builtin,DC=active,DC=htb", "admincount": false, "description": "Members of this group can read event logs from local machine"}, "Members": [], "Aces": [{"RightName": "Owner", "AceType": "", "IsInherited": false, "PrincipalSID": "ACTIVE.HTB-S-1-5-32-544", "PrincipalType": "Group"}, {"RightName": "GenericAll", "AceType": "", "IsInherited": false, "PrincipalSID": "S-1-5-21-405608879-3187717380-1996298813-512", "PrincipalType": "Group"}, {"RightName": "GenericAll", "AceType": "", "IsInherited": false, "PrincipalSID": "ACTIVE.HTB-S-1-5-32-548", "PrincipalType": "Group"}, {"RightName": "GenericAll", "AceType": "", "IsInherited": true, "PrincipalSID": "S-1-5-21-405608879-3187717380-1996298813-519", "PrincipalType": "Group"}, {"RightName": "GenericWrite", "AceType": "", "IsInherited": true, "PrincipalSID": "ACTIVE.HTB-S-1-5-32-544", "PrincipalType": "Group"}, {"RightName": "WriteOwner", "AceType": "", "IsInherited": true, "PrincipalSID": "ACTIVE.HTB-S-1-5-32-544", "PrincipalType": "Group"}, {"RightName": "WriteDacl", "AceType": "", "IsInherited": true, "PrincipalSID": "ACTIVE.HTB-S-1-5-32-544", "PrincipalType": "Group"}]},{"ObjectIdentifier": "ACTIVE.HTB-S-1-5-32-562", "Properties": {"domain": "ACTIVE.HTB", "objectid": "ACTIVE.HTB-S-1-5-32-562", "highvalue": false, "name": "DISTRIBUTED COM USERS@ACTIVE.HTB", "distinguishedname": "CN=Distributed COM Users,CN=Builtin,DC=active,DC=htb", "admincount": false, "description": "Members are allowed to launch, activate and use Distributed COM objects on this machine."}, "Members": [], "Aces": [{"RightName": "Owner", "AceType": "", "IsInherited": false, "PrincipalSID": "ACTIVE.HTB-S-1-5-32-544", "PrincipalType": "Group"}, {"RightName": "GenericAll", "AceType": "", "IsInherited": false, "PrincipalSID": "S-1-5-21-405608879-3187717380-1996298813-512", "PrincipalType": "Group"}, {"RightName": "GenericAll", "AceType": "", "IsInherited": false, "PrincipalSID": "ACTIVE.HTB-S-1-5-32-548", "PrincipalType": "Group"}, {"RightName": "GenericAll", "AceType": "", "IsInherited": true, "PrincipalSID": "S-1-5-21-405608879-3187717380-1996298813-519", "PrincipalType": "Group"}, {"RightName": "GenericWrite", "AceType": "", "IsInherited": true, "PrincipalSID": "ACTIVE.HTB-S-1-5-32-544", "PrincipalType": "Group"}, {"RightName": "WriteOwner", "AceType": "", "IsInherited": true, "PrincipalSID": "ACTIVE.HTB-S-1-5-32-544", "PrincipalType": "Group"}, {"RightName": "WriteDacl", "AceType": "", "IsInherited": true, "PrincipalSID": "ACTIVE.HTB-S-1-5-32-544", "PrincipalType": "Group"}]},{"ObjectIdentifier": "ACTIVE.HTB-S-1-5-32-568", "Properties": {"domain": "ACTIVE.HTB", "objectid": "ACTIVE.HTB-S-1-5-32-568", "highvalue": false, "name": "IIS_IUSRS@ACTIVE.HTB", "distinguishedname": "CN=IIS_IUSRS,CN=Builtin,DC=active,DC=htb", "admincount": false, "description": "Built-in group used by Internet Information Services."}, "Members": [{"MemberId": "ACTIVE.HTB-S-1-5-17", "MemberType": "Group"}], "Aces": [{"RightName": "Owner", "AceType": "", "IsInherited": false, "PrincipalSID": "ACTIVE.HTB-S-1-5-32-544", "PrincipalType": "Group"}, {"RightName": "GenericAll", "AceType": "", "IsInherited": false, "PrincipalSID": "S-1-5-21-405608879-3187717380-1996298813-512", "PrincipalType": "Group"}, {"RightName": "GenericAll", "AceType": "", "IsInherited": false, "PrincipalSID": "ACTIVE.HTB-S-1-5-32-548", "PrincipalType": "Group"}, {"RightName": "GenericAll", "AceType": "", "IsInherited": true, "PrincipalSID": "S-1-5-21-405608879-3187717380-1996298813-519", "PrincipalType": "Group"}, {"RightName": "GenericWrite", "AceType": "", "IsInherited": true, "PrincipalSID": "ACTIVE.HTB-S-1-5-32-544", "PrincipalType": "Group"}, {"RightName": "WriteOwner", "AceType": "", "IsInherited": true, "PrincipalSID": "ACTIVE.HTB-S-1-5-32-544", "PrincipalType": "Group"}, {"RightName": "WriteDacl", "AceType": "", "IsInherited": true, "PrincipalSID": "ACTIVE.HTB-S-1-5-32-544", "PrincipalType": "Group"}]},{"ObjectIdentifier": "ACTIVE.HTB-S-1-5-32-559", "Properties": {"domain": "ACTIVE.HTB", "objectid": "ACTIVE.HTB-S-1-5-32-559", "highvalue": false, "name": "PERFORMANCE LOG USERS@ACTIVE.HTB", "distinguishedname": "CN=Performance Log Users,CN=Builtin,DC=active,DC=htb", "admincount": false, "description": "Members of this group may schedule logging of performance counters, enable trace providers, and collect event traces both locally and via remote access to this computer"}, "Members": [], "Aces": [{"RightName": "Owner", "AceType": "", "IsInherited": false, "PrincipalSID": "ACTIVE.HTB-S-1-5-32-544", "PrincipalType": "Group"}, {"RightName": "GenericAll", "AceType": "", "IsInherited": false, "PrincipalSID": "S-1-5-21-405608879-3187717380-1996298813-512", "PrincipalType": "Group"}, {"RightName": "GenericAll", "AceType": "", "IsInherited": false, "PrincipalSID": "ACTIVE.HTB-S-1-5-32-548", "PrincipalType": "Group"}, {"RightName": "GenericAll", "AceType": "", "IsInherited": true, "PrincipalSID": "S-1-5-21-405608879-3187717380-1996298813-519", "PrincipalType": "Group"}, {"RightName": "GenericWrite", "AceType": "", "IsInherited": true, "PrincipalSID": "ACTIVE.HTB-S-1-5-32-544", "PrincipalType": "Group"}, {"RightName": "WriteOwner", "AceType": "", "IsInherited": true, "PrincipalSID": "ACTIVE.HTB-S-1-5-32-544", "PrincipalType": "Group"}, {"RightName": "WriteDacl", "AceType": "", "IsInherited": true, "PrincipalSID": "ACTIVE.HTB-S-1-5-32-544", "PrincipalType": "Group"}]},{"ObjectIdentifier": "ACTIVE.HTB-S-1-5-32-556", "Properties": {"domain": "ACTIVE.HTB", "objectid": "ACTIVE.HTB-S-1-5-32-556", "highvalue": false, "name": "NETWORK CONFIGURATION OPERATORS@ACTIVE.HTB", "distinguishedname": "CN=Network Configuration Operators,CN=Builtin,DC=active,DC=htb", "admincount": false, "description": "Members in this group can have some administrative privileges to manage configuration of networking features"}, "Members": [], "Aces": [{"RightName": "Owner", "AceType": "", "IsInherited": false, "PrincipalSID": "ACTIVE.HTB-S-1-5-32-544", "PrincipalType": "Group"}, {"RightName": "GenericAll", "AceType": "", "IsInherited": false, "PrincipalSID": "S-1-5-21-405608879-3187717380-1996298813-512", "PrincipalType": "Group"}, {"RightName": "GenericAll", "AceType": "", "IsInherited": false, "PrincipalSID": "ACTIVE.HTB-S-1-5-32-548", "PrincipalType": "Group"}, {"RightName": "GenericAll", "AceType": "", "IsInherited": true, "PrincipalSID": "S-1-5-21-405608879-3187717380-1996298813-519", "PrincipalType": "Group"}, {"RightName": "GenericWrite", "AceType": "", "IsInherited": true, "PrincipalSID": "ACTIVE.HTB-S-1-5-32-544", "PrincipalType": "Group"}, {"RightName": "WriteOwner", "AceType": "", "IsInherited": true, "PrincipalSID": "ACTIVE.HTB-S-1-5-32-544", "PrincipalType": "Group"}, {"RightName": "WriteDacl", "AceType": "", "IsInherited": true, "PrincipalSID": "ACTIVE.HTB-S-1-5-32-544", "PrincipalType": "Group"}]},{"ObjectIdentifier": "ACTIVE.HTB-S-1-5-32-558", "Properties": {"domain": "ACTIVE.HTB", "objectid": "ACTIVE.HTB-S-1-5-32-558", "highvalue": false, "name": "PERFORMANCE MONITOR USERS@ACTIVE.HTB", "distinguishedname": "CN=Performance Monitor Users,CN=Builtin,DC=active,DC=htb", "admincount": false, "description": "Members of this group can access performance counter data locally and remotely"}, "Members": [], "Aces": [{"RightName": "Owner", "AceType": "", "IsInherited": false, "PrincipalSID": "ACTIVE.HTB-S-1-5-32-544", "PrincipalType": "Group"}, {"RightName": "GenericAll", "AceType": "", "IsInherited": false, "PrincipalSID": "S-1-5-21-405608879-3187717380-1996298813-512", "PrincipalType": "Group"}, {"RightName": "GenericAll", "AceType": "", "IsInherited": false, "PrincipalSID": "ACTIVE.HTB-S-1-5-32-548", "PrincipalType": "Group"}, {"RightName": "GenericAll", "AceType": "", "IsInherited": true, "PrincipalSID": "S-1-5-21-405608879-3187717380-1996298813-519", "PrincipalType": "Group"}, {"RightName": "GenericWrite", "AceType": "", "IsInherited": true, "PrincipalSID": "ACTIVE.HTB-S-1-5-32-544", "PrincipalType": "Group"}, {"RightName": "WriteOwner", "AceType": "", "IsInherited": true, "PrincipalSID": "ACTIVE.HTB-S-1-5-32-544", "PrincipalType": "Group"}, {"RightName": "WriteDacl", "AceType": "", "IsInherited": true, "PrincipalSID": "ACTIVE.HTB-S-1-5-32-544", "PrincipalType": "Group"}]},{"ObjectIdentifier": "ACTIVE.HTB-S-1-5-32-555", "Properties": {"domain": "ACTIVE.HTB", "objectid": "ACTIVE.HTB-S-1-5-32-555", "highvalue": false, "name": "REMOTE DESKTOP USERS@ACTIVE.HTB", "distinguishedname": "CN=Remote Desktop Users,CN=Builtin,DC=active,DC=htb", "admincount": false, "description": "Members in this group are granted the right to logon remotely"}, "Members": [], "Aces": [{"RightName": "Owner", "AceType": "", "IsInherited": false, "PrincipalSID": "ACTIVE.HTB-S-1-5-32-544", "PrincipalType": "Group"}, {"RightName": "GenericAll", "AceType": "", "IsInherited": false, "PrincipalSID": "S-1-5-21-405608879-3187717380-1996298813-512", "PrincipalType": "Group"}, {"RightName": "GenericAll", "AceType": "", "IsInherited": false, "PrincipalSID": "ACTIVE.HTB-S-1-5-32-548", "PrincipalType": "Group"}, {"RightName": "GenericAll", "AceType": "", "IsInherited": true, "PrincipalSID": "S-1-5-21-405608879-3187717380-1996298813-519", "PrincipalType": "Group"}, {"RightName": "GenericWrite", "AceType": "", "IsInherited": true, "PrincipalSID": "ACTIVE.HTB-S-1-5-32-544", "PrincipalType": "Group"}, {"RightName": "WriteOwner", "AceType": "", "IsInherited": true, "PrincipalSID": "ACTIVE.HTB-S-1-5-32-544", "PrincipalType": "Group"}, {"RightName": "WriteDacl", "AceType": "", "IsInherited": true, "PrincipalSID": "ACTIVE.HTB-S-1-5-32-544", "PrincipalType": "Group"}]},{"ObjectIdentifier": "ACTIVE.HTB-S-1-5-32-552", "Properties": {"domain": "ACTIVE.HTB", "objectid": "ACTIVE.HTB-S-1-5-32-552", "highvalue": false, "name": "REPLICATOR@ACTIVE.HTB", "distinguishedname": "CN=Replicator,CN=Builtin,DC=active,DC=htb", "admincount": true, "description": "Supports file replication in a domain"}, "Members": [], "Aces": [{"RightName": "Owner", "AceType": "", "IsInherited": false, "PrincipalSID": "S-1-5-21-405608879-3187717380-1996298813-512", "PrincipalType": "Group"}, {"RightName": "GenericWrite", "AceType": "", "IsInherited": false, "PrincipalSID": "S-1-5-21-405608879-3187717380-1996298813-512", "PrincipalType": "Group"}, {"RightName": "WriteOwner", "AceType": "", "IsInherited": false, "PrincipalSID": "S-1-5-21-405608879-3187717380-1996298813-512", "PrincipalType": "Group"}, {"RightName": "WriteDacl", "AceType": "", "IsInherited": false, "PrincipalSID": "S-1-5-21-405608879-3187717380-1996298813-512", "PrincipalType": "Group"}, {"RightName": "GenericWrite", "AceType": "", "IsInherited": false, "PrincipalSID": "S-1-5-21-405608879-3187717380-1996298813-519", "PrincipalType": "Group"}, {"RightName": "WriteOwner", "AceType": "", "IsInherited": false, "PrincipalSID": "S-1-5-21-405608879-3187717380-1996298813-519", "PrincipalType": "Group"}, {"RightName": "WriteDacl", "AceType": "", "IsInherited": false, "PrincipalSID": "S-1-5-21-405608879-3187717380-1996298813-519", "PrincipalType": "Group"}, {"RightName": "GenericWrite", "AceType": "", "IsInherited": false, "PrincipalSID": "ACTIVE.HTB-S-1-5-32-544", "PrincipalType": "Group"}, {"RightName": "WriteOwner", "AceType": "", "IsInherited": false, "PrincipalSID": "ACTIVE.HTB-S-1-5-32-544", "PrincipalType": "Group"}, {"RightName": "WriteDacl", "AceType": "", "IsInherited": false, "PrincipalSID": "ACTIVE.HTB-S-1-5-32-544", "PrincipalType": "Group"}]},{"ObjectIdentifier": "ACTIVE.HTB-S-1-5-32-551", "Properties": {"domain": "ACTIVE.HTB", "objectid": "ACTIVE.HTB-S-1-5-32-551", "highvalue": true, "name": "BACKUP OPERATORS@ACTIVE.HTB", "distinguishedname": "CN=Backup Operators,CN=Builtin,DC=active,DC=htb", "admincount": true, "description": "Backup Operators can override security restrictions for the sole purpose of backing up or restoring files"}, "Members": [], "Aces": [{"RightName": "Owner", "AceType": "", "IsInherited": false, "PrincipalSID": "S-1-5-21-405608879-3187717380-1996298813-512", "PrincipalType": "Group"}, {"RightName": "GenericWrite", "AceType": "", "IsInherited": false, "PrincipalSID": "S-1-5-21-405608879-3187717380-1996298813-512", "PrincipalType": "Group"}, {"RightName": "WriteOwner", "AceType": "", "IsInherited": false, "PrincipalSID": "S-1-5-21-405608879-3187717380-1996298813-512", "PrincipalType": "Group"}, {"RightName": "WriteDacl", "AceType": "", "IsInherited": false, "PrincipalSID": "S-1-5-21-405608879-3187717380-1996298813-512", "PrincipalType": "Group"}, {"RightName": "GenericWrite", "AceType": "", "IsInherited": false, "PrincipalSID": "S-1-5-21-405608879-3187717380-1996298813-519", "PrincipalType": "Group"}, {"RightName": "WriteOwner", "AceType": "", "IsInherited": false, "PrincipalSID": "S-1-5-21-405608879-3187717380-1996298813-519", "PrincipalType": "Group"}, {"RightName": "WriteDacl", "AceType": "", "IsInherited": false, "PrincipalSID": "S-1-5-21-405608879-3187717380-1996298813-519", "PrincipalType": "Group"}, {"RightName": "GenericWrite", "AceType": "", "IsInherited": false, "PrincipalSID": "ACTIVE.HTB-S-1-5-32-544", "PrincipalType": "Group"}, {"RightName": "WriteOwner", "AceType": "", "IsInherited": false, "PrincipalSID": "ACTIVE.HTB-S-1-5-32-544", "PrincipalType": "Group"}, {"RightName": "WriteDacl", "AceType": "", "IsInherited": false, "PrincipalSID": "ACTIVE.HTB-S-1-5-32-544", "PrincipalType": "Group"}]},{"ObjectIdentifier": "ACTIVE.HTB-S-1-5-32-550", "Properties": {"domain": "ACTIVE.HTB", "objectid": "ACTIVE.HTB-S-1-5-32-550", "highvalue": true, "name": "PRINT OPERATORS@ACTIVE.HTB", "distinguishedname": "CN=Print Operators,CN=Builtin,DC=active,DC=htb", "admincount": true, "description": "Members can administer domain printers"}, "Members": [], "Aces": [{"RightName": "Owner", "AceType": "", "IsInherited": false, "PrincipalSID": "S-1-5-21-405608879-3187717380-1996298813-512", "PrincipalType": "Group"}, {"RightName": "GenericWrite", "AceType": "", "IsInherited": false, "PrincipalSID": "S-1-5-21-405608879-3187717380-1996298813-512", "PrincipalType": "Group"}, {"RightName": "WriteOwner", "AceType": "", "IsInherited": false, "PrincipalSID": "S-1-5-21-405608879-3187717380-1996298813-512", "PrincipalType": "Group"}, {"RightName": "WriteDacl", "AceType": "", "IsInherited": false, "PrincipalSID": "S-1-5-21-405608879-3187717380-1996298813-512", "PrincipalType": "Group"}, {"RightName": "GenericWrite", "AceType": "", "IsInherited": false, "PrincipalSID": "S-1-5-21-405608879-3187717380-1996298813-519", "PrincipalType": "Group"}, {"RightName": "WriteOwner", "AceType": "", "IsInherited": false, "PrincipalSID": "S-1-5-21-405608879-3187717380-1996298813-519", "PrincipalType": "Group"}, {"RightName": "WriteDacl", "AceType": "", "IsInherited": false, "PrincipalSID": "S-1-5-21-405608879-3187717380-1996298813-519", "PrincipalType": "Group"}, {"RightName": "GenericWrite", "AceType": "", "IsInherited": false, "PrincipalSID": "ACTIVE.HTB-S-1-5-32-544", "PrincipalType": "Group"}, {"RightName": "WriteOwner", "AceType": "", "IsInherited": false, "PrincipalSID": "ACTIVE.HTB-S-1-5-32-544", "PrincipalType": "Group"}, {"RightName": "WriteDacl", "AceType": "", "IsInherited": false, "PrincipalSID": "ACTIVE.HTB-S-1-5-32-544", "PrincipalType": "Group"}]},{"ObjectIdentifier": "ACTIVE.HTB-S-1-5-32-546", "Properties": {"domain": "ACTIVE.HTB", "objectid": "ACTIVE.HTB-S-1-5-32-546", "highvalue": false, "name": "GUESTS@ACTIVE.HTB", "distinguishedname": "CN=Guests,CN=Builtin,DC=active,DC=htb", "admincount": false, "description": "Guests have the same access as members of the Users group by default, except for the Guest account which is further restricted"}, "Members": [{"MemberId": "S-1-5-21-405608879-3187717380-1996298813-514", "MemberType": "Group"}, {"MemberId": "S-1-5-21-405608879-3187717380-1996298813-501", "MemberType": "User"}], "Aces": [{"RightName": "Owner", "AceType": "", "IsInherited": false, "PrincipalSID": "ACTIVE.HTB-S-1-5-32-544", "PrincipalType": "Group"}, {"RightName": "GenericAll", "AceType": "", "IsInherited": false, "PrincipalSID": "S-1-5-21-405608879-3187717380-1996298813-512", "PrincipalType": "Group"}, {"RightName": "GenericAll", "AceType": "", "IsInherited": false, "PrincipalSID": "ACTIVE.HTB-S-1-5-32-548", "PrincipalType": "Group"}, {"RightName": "GenericAll", "AceType": "", "IsInherited": true, "PrincipalSID": "S-1-5-21-405608879-3187717380-1996298813-519", "PrincipalType": "Group"}, {"RightName": "GenericWrite", "AceType": "", "IsInherited": true, "PrincipalSID": "ACTIVE.HTB-S-1-5-32-544", "PrincipalType": "Group"}, {"RightName": "WriteOwner", "AceType": "", "IsInherited": true, "PrincipalSID": "ACTIVE.HTB-S-1-5-32-544", "PrincipalType": "Group"}, {"RightName": "WriteDacl", "AceType": "", "IsInherited": true, "PrincipalSID": "ACTIVE.HTB-S-1-5-32-544", "PrincipalType": "Group"}]},{"ObjectIdentifier": "ACTIVE.HTB-S-1-5-32-545", "Properties": {"domain": "ACTIVE.HTB", "objectid": "ACTIVE.HTB-S-1-5-32-545", "highvalue": false, "name": "USERS@ACTIVE.HTB", "distinguishedname": "CN=Users,CN=Builtin,DC=active,DC=htb", "admincount": false, "description": "Users are prevented from making accidental or intentional system-wide changes and can run most applications"}, "Members": [{"MemberId": "S-1-5-21-405608879-3187717380-1996298813-513", "MemberType": "Group"}, {"MemberId": "ACTIVE.HTB-S-1-5-11", "MemberType": "Group"}, {"MemberId": "ACTIVE.HTB-S-1-5-4", "MemberType": "Group"}], "Aces": [{"RightName": "Owner", "AceType": "", "IsInherited": false, "PrincipalSID": "ACTIVE.HTB-S-1-5-32-544", "PrincipalType": "Group"}, {"RightName": "GenericAll", "AceType": "", "IsInherited": false, "PrincipalSID": "S-1-5-21-405608879-3187717380-1996298813-512", "PrincipalType": "Group"}, {"RightName": "GenericAll", "AceType": "", "IsInherited": false, "PrincipalSID": "ACTIVE.HTB-S-1-5-32-548", "PrincipalType": "Group"}, {"RightName": "GenericAll", "AceType": "", "IsInherited": true, "PrincipalSID": "S-1-5-21-405608879-3187717380-1996298813-519", "PrincipalType": "Group"}, {"RightName": "GenericWrite", "AceType": "", "IsInherited": true, "PrincipalSID": "ACTIVE.HTB-S-1-5-32-544", "PrincipalType": "Group"}, {"RightName": "WriteOwner", "AceType": "", "IsInherited": true, "PrincipalSID": "ACTIVE.HTB-S-1-5-32-544", "PrincipalType": "Group"}, {"RightName": "WriteDacl", "AceType": "", "IsInherited": true, "PrincipalSID": "ACTIVE.HTB-S-1-5-32-544", "PrincipalType": "Group"}]},{"ObjectIdentifier": "ACTIVE.HTB-S-1-5-32-544", "Properties": {"domain": "ACTIVE.HTB", "objectid": "ACTIVE.HTB-S-1-5-32-544", "highvalue": true, "name": "ADMINISTRATORS@ACTIVE.HTB", "distinguishedname": "CN=Administrators,CN=Builtin,DC=active,DC=htb", "admincount": true, "description": "Administrators have complete and unrestricted access to the computer/domain"}, "Members": [{"MemberId": "S-1-5-21-405608879-3187717380-1996298813-512", "MemberType": "Group"}, {"MemberId": "S-1-5-21-405608879-3187717380-1996298813-519", "MemberType": "Group"}, {"MemberId": "S-1-5-21-405608879-3187717380-1996298813-500", "MemberType": "User"}], "Aces": [{"RightName": "Owner", "AceType": "", "IsInherited": false, "PrincipalSID": "S-1-5-21-405608879-3187717380-1996298813-512", "PrincipalType": "Group"}, {"RightName": "GenericWrite", "AceType": "", "IsInherited": false, "PrincipalSID": "S-1-5-21-405608879-3187717380-1996298813-512", "PrincipalType": "Group"}, {"RightName": "WriteOwner", "AceType": "", "IsInherited": false, "PrincipalSID": "S-1-5-21-405608879-3187717380-1996298813-512", "PrincipalType": "Group"}, {"RightName": "WriteDacl", "AceType": "", "IsInherited": false, "PrincipalSID": "S-1-5-21-405608879-3187717380-1996298813-512", "PrincipalType": "Group"}, {"RightName": "GenericWrite", "AceType": "", "IsInherited": false, "PrincipalSID": "S-1-5-21-405608879-3187717380-1996298813-519", "PrincipalType": "Group"}, {"RightName": "WriteOwner", "AceType": "", "IsInherited": false, "PrincipalSID": "S-1-5-21-405608879-3187717380-1996298813-519", "PrincipalType": "Group"}, {"RightName": "WriteDacl", "AceType": "", "IsInherited": false, "PrincipalSID": "S-1-5-21-405608879-3187717380-1996298813-519", "PrincipalType": "Group"}, {"RightName": "GenericWrite", "AceType": "", "IsInherited": false, "PrincipalSID": "ACTIVE.HTB-S-1-5-32-544", "PrincipalType": "Group"}, {"RightName": "WriteOwner", "AceType": "", "IsInherited": false, "PrincipalSID": "ACTIVE.HTB-S-1-5-32-544", "PrincipalType": "Group"}, {"RightName": "WriteDacl", "AceType": "", "IsInherited": false, "PrincipalSID": "ACTIVE.HTB-S-1-5-32-544", "PrincipalType": "Group"}]},{"ObjectIdentifier": "ACTIVE.HTB-S-1-5-9", "Properties": {"domain": "ACTIVE.HTB", "name": "ENTERPRISE DOMAIN CONTROLLERS@ACTIVE.HTB"}, "Members": [{"MemberId": "S-1-5-21-405608879-3187717380-1996298813-1000", "MemberType": "Computer"}], "Aces": []},{"ObjectIdentifier": "ACTIVE.HTB-S-1-1-0", "Properties": {"domain": "ACTIVE.HTB", "name": "EVERYONE@ACTIVE.HTB"}, "Members": [{"MemberId": "S-1-5-21-405608879-3187717380-1996298813-515", "MemberType": "Group"}, {"MemberId": "S-1-5-21-405608879-3187717380-1996298813-513", "MemberType": "Group"}], "Aces": []},{"ObjectIdentifier": "ACTIVE.HTB-S-1-5-11", "Properties": {"domain": "ACTIVE.HTB", "name": "AUTHENTICATED USERS@ACTIVE.HTB"}, "Members": [{"MemberId": "S-1-5-21-405608879-3187717380-1996298813-515", "MemberType": "Group"}, {"MemberId": "S-1-5-21-405608879-3187717380-1996298813-513", "MemberType": "Group"}], "Aces": []}],"meta":{"type":"groups","count":40, "version":3}}