{"users":[{"AllowedToDelegate": [], "ObjectIdentifier": "S-1-5-21-3072663084-364016917-1341370565-1151", "PrimaryGroupSid": "S-1-5-21-3072663084-364016917-1341370565-513", "Properties": {"name": "MARK@HTB.LOCAL", "domain": "HTB.LOCAL", "objectid": "S-1-5-21-3072663084-364016917-1341370565-1151", "distinguishedname": "CN=Mark Brandt,OU=Sysadmins,OU=Information Technology,OU=Employees,DC=htb,DC=local", "highvalue": false, "unconstraineddelegation": false, "passwordnotreqd": false, "enabled": true, "lastlogon": -1, "lastlogontimestamp": -1, "pwdlastset": 1569020250, "dontreqpreauth": false, "pwdneverexpires": true, "sensitive": false, "serviceprincipalnames": [], "hasspn": false, "displayname": "Mark Brandt", "email": null, "title": null, "homedirectory": null, "description": null, "userpassword": null, "admincount": false, "sidhistory": []}, "Aces": [{"RightName": "Owner", "AceType": "", "IsInherited": false, "PrincipalSID": "S-1-5-21-3072663084-364016917-1341370565-512", "PrincipalType": "Group"}, {"RightName": "GenericAll", "AceType": "", "IsInherited": false, "PrincipalSID": "S-1-5-21-3072663084-364016917-1341370565-512", "PrincipalType": "Group"}, {"RightName": "GenericAll", "AceType": "", "IsInherited": false, "PrincipalSID": "HTB.LOCAL-S-1-5-32-548", "PrincipalType": "Group"}, {"RightName": "ExtendedRight", "AceType": "User-Force-Change-Password", "IsInherited": true, "PrincipalSID": "S-1-5-21-3072663084-364016917-1341370565-1153", "PrincipalType": "Unknown"}, {"RightName": "ExtendedRight", "AceType": "User-Force-Change-Password", "IsInherited": true, "PrincipalSID": "S-1-5-21-3072663084-364016917-1341370565-1121", "PrincipalType": "Group"}, {"RightName": "WriteDacl", "AceType": "", "IsInherited": true, "PrincipalSID": "S-1-5-21-3072663084-364016917-1341370565-1121", "PrincipalType": "Group"}, {"RightName": "GenericAll", "AceType": "", "IsInherited": true, "PrincipalSID": "S-1-5-21-3072663084-364016917-1341370565-519", "PrincipalType": "Group"}, {"RightName": "GenericWrite", "AceType": "", "IsInherited": true, "PrincipalSID": "HTB.LOCAL-S-1-5-32-544", "PrincipalType": "Group"}, {"RightName": "WriteOwner", "AceType": "", "IsInherited": true, "PrincipalSID": "HTB.LOCAL-S-1-5-32-544", "PrincipalType": "Group"}, {"RightName": "ExtendedRight", "AceType": "All", "IsInherited": true, "PrincipalSID": "HTB.LOCAL-S-1-5-32-544", "PrincipalType": "Group"}, {"RightName": "WriteDacl", "AceType": "", "IsInherited": true, "PrincipalSID": "HTB.LOCAL-S-1-5-32-544", "PrincipalType": "Group"}, {"RightName": "GenericWrite", "AceType": "", "IsInherited": true, "PrincipalSID": "HTB.LOCAL-S-1-5-7", "PrincipalType": "Group"}], "SPNTargets": [], "HasSIDHistory": []},{"AllowedToDelegate": [], "ObjectIdentifier": "S-1-5-21-3072663084-364016917-1341370565-1152", "PrimaryGroupSid": "S-1-5-21-3072663084-364016917-1341370565-513", "Properties": {"name": "SANTI@HTB.LOCAL", "domain": "HTB.LOCAL", "objectid": "S-1-5-21-3072663084-364016917-1341370565-1152", "distinguishedname": "CN=Santi Rodriguez,OU=Developers,OU=Information Technology,OU=Employees,DC=htb,DC=local", "highvalue": false, "unconstraineddelegation": false, "passwordnotreqd": false, "enabled": true, "lastlogon": -1, "lastlogontimestamp": -1, "pwdlastset": 1569020575, "dontreqpreauth": false, "pwdneverexpires": true, "sensitive": false, "serviceprincipalnames": [], "hasspn": false, "displayname": "Santi Rodriguez", "email": null, "title": null, "homedirectory": null, "description": null, "userpassword": null, "admincount": false, "sidhistory": []}, "Aces": [{"RightName": "Owner", "AceType": "", "IsInherited": false, "PrincipalSID": "S-1-5-21-3072663084-364016917-1341370565-512", "PrincipalType": "Group"}, {"RightName": "GenericAll", "AceType": "", "IsInherited": false, "PrincipalSID": "S-1-5-21-3072663084-364016917-1341370565-512", "PrincipalType": "Group"}, {"RightName": "GenericAll", "AceType": "", "IsInherited": false, "PrincipalSID": "HTB.LOCAL-S-1-5-32-548", "PrincipalType": "Group"}, {"RightName": "ExtendedRight", "AceType": "User-Force-Change-Password", "IsInherited": true, "PrincipalSID": "S-1-5-21-3072663084-364016917-1341370565-1153", "PrincipalType": "Unknown"}, {"RightName": "ExtendedRight", "AceType": "User-Force-Change-Password", "IsInherited": true, "PrincipalSID": "S-1-5-21-3072663084-364016917-1341370565-1121", "PrincipalType": "Group"}, {"RightName": "WriteDacl", "AceType": "", "IsInherited": true, "PrincipalSID": "S-1-5-21-3072663084-364016917-1341370565-1121", "PrincipalType": "Group"}, {"RightName": "GenericAll", "AceType": "", "IsInherited": true, "PrincipalSID": "S-1-5-21-3072663084-364016917-1341370565-519", "PrincipalType": "Group"}, {"RightName": "GenericWrite", "AceType": "", "IsInherited": true, "PrincipalSID": "HTB.LOCAL-S-1-5-32-544", "PrincipalType": "Group"}, {"RightName": "WriteOwner", "AceType": "", "IsInherited": true, "PrincipalSID": "HTB.LOCAL-S-1-5-32-544", "PrincipalType": "Group"}, {"RightName": "ExtendedRight", "AceType": "All", "IsInherited": true, "PrincipalSID": "HTB.LOCAL-S-1-5-32-544", "PrincipalType": "Group"}, {"RightName": "WriteDacl", "AceType": "", "IsInherited": true, "PrincipalSID": "HTB.LOCAL-S-1-5-32-544", "PrincipalType": "Group"}, {"RightName": "GenericWrite", "AceType": "", "IsInherited": true, "PrincipalSID": "HTB.LOCAL-S-1-5-7", "PrincipalType": "Group"}], "SPNTargets": [], "HasSIDHistory": []},{"AllowedToDelegate": [], "ObjectIdentifier": "S-1-5-21-3072663084-364016917-1341370565-1147", "PrimaryGroupSid": "S-1-5-21-3072663084-364016917-1341370565-513", "Properties": {"name": "SVC-ALFRESCO@HTB.LOCAL", "domain": "HTB.LOCAL", "objectid": "S-1-5-21-3072663084-364016917-1341370565-1147", "distinguishedname": "CN=svc-alfresco,OU=Service Accounts,DC=htb,DC=local", "highvalue": false, "unconstraineddelegation": false, "passwordnotreqd": false, "enabled": true, "lastlogon": 1622214729, "lastlogontimestamp": 1622214729, "pwdlastset": 1622272121, "dontreqpreauth": true, "pwdneverexpires": true, "sensitive": false, "serviceprincipalnames": [], "hasspn": false, "displayname": "svc-alfresco", "email": null, "title": null, "homedirectory": null, "description": null, "userpassword": null, "admincount": true, "sidhistory": []}, "Aces": [{"RightName": "Owner", "AceType": "", "IsInherited": false, "PrincipalSID": "S-1-5-21-3072663084-364016917-1341370565-512", "PrincipalType": "Group"}, {"RightName": "GenericWrite", "AceType": "", "IsInherited": false, "PrincipalSID": "S-1-5-21-3072663084-364016917-1341370565-512", "PrincipalType": "Group"}, {"RightName": "WriteOwner", "AceType": "", "IsInherited": false, "PrincipalSID": "S-1-5-21-3072663084-364016917-1341370565-512", "PrincipalType": "Group"}, {"RightName": "ExtendedRight", "AceType": "All", "IsInherited": false, "PrincipalSID": "S-1-5-21-3072663084-364016917-1341370565-512", "PrincipalType": "Group"}, {"RightName": "WriteDacl", "AceType": "", "IsInherited": false, "PrincipalSID": "S-1-5-21-3072663084-364016917-1341370565-512", "PrincipalType": "Group"}, {"RightName": "GenericWrite", "AceType": "", "IsInherited": false, "PrincipalSID": "S-1-5-21-3072663084-364016917-1341370565-519", "PrincipalType": "Group"}, {"RightName": "WriteOwner", "AceType": "", "IsInherited": false, "PrincipalSID": "S-1-5-21-3072663084-364016917-1341370565-519", "PrincipalType": "Group"}, {"RightName": "ExtendedRight", "AceType": "All", "IsInherited": false, "PrincipalSID": "S-1-5-21-3072663084-364016917-1341370565-519", "PrincipalType": "Group"}, {"RightName": "WriteDacl", "AceType": "", "IsInherited": false, "PrincipalSID": "S-1-5-21-3072663084-364016917-1341370565-519", "PrincipalType": "Group"}, {"RightName": "GenericWrite", "AceType": "", "IsInherited": false, "PrincipalSID": "HTB.LOCAL-S-1-5-32-544", "PrincipalType": "Group"}, {"RightName": "WriteOwner", "AceType": "", "IsInherited": false, "PrincipalSID": "HTB.LOCAL-S-1-5-32-544", "PrincipalType": "Group"}, {"RightName": "ExtendedRight", "AceType": "All", "IsInherited": false, "PrincipalSID": "HTB.LOCAL-S-1-5-32-544", "PrincipalType": "Group"}, {"RightName": "WriteDacl", "AceType": "", "IsInherited": false, "PrincipalSID": "HTB.LOCAL-S-1-5-32-544", "PrincipalType": "Group"}], "SPNTargets": [], "HasSIDHistory": []},{"AllowedToDelegate": [], "ObjectIdentifier": "S-1-5-21-3072663084-364016917-1341370565-1150", "PrimaryGroupSid": "S-1-5-21-3072663084-364016917-1341370565-513", "Properties": {"name": "ANDY@HTB.LOCAL", "domain": "HTB.LOCAL", "objectid": "S-1-5-21-3072663084-364016917-1341370565-1150", "distinguishedname": "CN=Andy Hislip,OU=Helpdesk,OU=Information Technology,OU=Employees,DC=htb,DC=local", "highvalue": false, "unconstraineddelegation": false, "passwordnotreqd": false, "enabled": true, "lastlogon": -1, "lastlogontimestamp": -1, "pwdlastset": 1569192256, "dontreqpreauth": false, "pwdneverexpires": true, "sensitive": false, "serviceprincipalnames": [], "hasspn": false, "displayname": "Andy Hislip", "email": null, "title": null, "homedirectory": null, "description": null, "userpassword": null, "admincount": false, "sidhistory": []}, "Aces": [{"RightName": "Owner", "AceType": "", "IsInherited": false, "PrincipalSID": "S-1-5-21-3072663084-364016917-1341370565-512", "PrincipalType": "Group"}, {"RightName": "GenericAll", "AceType": "", "IsInherited": false, "PrincipalSID": "S-1-5-21-3072663084-364016917-1341370565-512", "PrincipalType": "Group"}, {"RightName": "GenericAll", "AceType": "", "IsInherited": false, "PrincipalSID": "HTB.LOCAL-S-1-5-32-548", "PrincipalType": "Group"}, {"RightName": "ExtendedRight", "AceType": "User-Force-Change-Password", "IsInherited": true, "PrincipalSID": "S-1-5-21-3072663084-364016917-1341370565-1153", "PrincipalType": "Unknown"}, {"RightName": "ExtendedRight", "AceType": "User-Force-Change-Password", "IsInherited": true, "PrincipalSID": "S-1-5-21-3072663084-364016917-1341370565-1121", "PrincipalType": "Group"}, {"RightName": "WriteDacl", "AceType": "", "IsInherited": true, "PrincipalSID": "S-1-5-21-3072663084-364016917-1341370565-1121", "PrincipalType": "Group"}, {"RightName": "GenericAll", "AceType": "", "IsInherited": true, "PrincipalSID": "S-1-5-21-3072663084-364016917-1341370565-519", "PrincipalType": "Group"}, {"RightName": "GenericWrite", "AceType": "", "IsInherited": true, "PrincipalSID": "HTB.LOCAL-S-1-5-32-544", "PrincipalType": "Group"}, {"RightName": "WriteOwner", "AceType": "", "IsInherited": true, "PrincipalSID": "HTB.LOCAL-S-1-5-32-544", "PrincipalType": "Group"}, {"RightName": "ExtendedRight", "AceType": "All", "IsInherited": true, "PrincipalSID": "HTB.LOCAL-S-1-5-32-544", "PrincipalType": "Group"}, {"RightName": "WriteDacl", "AceType": "", "IsInherited": true, "PrincipalSID": "HTB.LOCAL-S-1-5-32-544", "PrincipalType": "Group"}, {"RightName": "GenericWrite", "AceType": "", "IsInherited": true, "PrincipalSID": "HTB.LOCAL-S-1-5-7", "PrincipalType": "Group"}], "SPNTargets": [], "HasSIDHistory": []},{"AllowedToDelegate": [], "ObjectIdentifier": "S-1-5-21-3072663084-364016917-1341370565-1146", "PrimaryGroupSid": "S-1-5-21-3072663084-364016917-1341370565-513", "Properties": {"name": "LUCINDA@HTB.LOCAL", "domain": "HTB.LOCAL", "objectid": "S-1-5-21-3072663084-364016917-1341370565-1146", "distinguishedname": "CN=Lucinda Berger,OU=IT Management,OU=Information Technology,OU=Employees,DC=htb,DC=local", "highvalue": false, "unconstraineddelegation": false, "passwordnotreqd": false, "enabled": true, "lastlogon": -1, "lastlogontimestamp": -1, "pwdlastset": 1568940253, "dontreqpreauth": false, "pwdneverexpires": true, "sensitive": false, "serviceprincipalnames": [], "hasspn": false, "displayname": "Lucinda Berger", "email": null, "title": null, "homedirectory": null, "description": null, "userpassword": null, "admincount": false, "sidhistory": []}, "Aces": [{"RightName": "Owner", "AceType": "", "IsInherited": false, "PrincipalSID": "S-1-5-21-3072663084-364016917-1341370565-512", "PrincipalType": "Group"}, {"RightName": "GenericAll", "AceType": "", "IsInherited": false, "PrincipalSID": "S-1-5-21-3072663084-364016917-1341370565-512", "PrincipalType": "Group"}, {"RightName": "GenericAll", "AceType": "", "IsInherited": false, "PrincipalSID": "HTB.LOCAL-S-1-5-32-548", "PrincipalType": "Group"}, {"RightName": "ExtendedRight", "AceType": "User-Force-Change-Password", "IsInherited": true, "PrincipalSID": "S-1-5-21-3072663084-364016917-1341370565-1153", "PrincipalType": "Unknown"}, {"RightName": "ExtendedRight", "AceType": "User-Force-Change-Password", "IsInherited": true, "PrincipalSID": "S-1-5-21-3072663084-364016917-1341370565-1121", "PrincipalType": "Group"}, {"RightName": "WriteDacl", "AceType": "", "IsInherited": true, "PrincipalSID": "S-1-5-21-3072663084-364016917-1341370565-1121", "PrincipalType": "Group"}, {"RightName": "GenericAll", "AceType": "", "IsInherited": true, "PrincipalSID": "S-1-5-21-3072663084-364016917-1341370565-519", "PrincipalType": "Group"}, {"RightName": "GenericWrite", "AceType": "", "IsInherited": true, "PrincipalSID": "HTB.LOCAL-S-1-5-32-544", "PrincipalType": "Group"}, {"RightName": "WriteOwner", "AceType": "", "IsInherited": true, "PrincipalSID": "HTB.LOCAL-S-1-5-32-544", "PrincipalType": "Group"}, {"RightName": "ExtendedRight", "AceType": "All", "IsInherited": true, "PrincipalSID": "HTB.LOCAL-S-1-5-32-544", "PrincipalType": "Group"}, {"RightName": "WriteDacl", "AceType": "", "IsInherited": true, "PrincipalSID": "HTB.LOCAL-S-1-5-32-544", "PrincipalType": "Group"}, {"RightName": "GenericWrite", "AceType": "", "IsInherited": true, "PrincipalSID": "HTB.LOCAL-S-1-5-7", "PrincipalType": "Group"}], "SPNTargets": [], "HasSIDHistory": []},{"AllowedToDelegate": [], "ObjectIdentifier": "S-1-5-21-3072663084-364016917-1341370565-1145", "PrimaryGroupSid": "S-1-5-21-3072663084-364016917-1341370565-513", "Properties": {"name": "SEBASTIEN@HTB.LOCAL", "domain": "HTB.LOCAL", "objectid": "S-1-5-21-3072663084-364016917-1341370565-1145", "distinguishedname": "CN=Sebastien Caron,OU=Exchange Administrators,OU=Information Technology,OU=Employees,DC=htb,DC=local", "highvalue": false, "unconstraineddelegation": false, "passwordnotreqd": false, "enabled": true, "lastlogon": 1569191369, "lastlogontimestamp": 1569022969, "pwdlastset": 1568939399, "dontreqpreauth": false, "pwdneverexpires": true, "sensitive": false, "serviceprincipalnames": [], "hasspn": false, "displayname": "Sebastien Caron", "email": null, "title": null, "homedirectory": null, "description": null, "userpassword": null, "admincount": false, "sidhistory": []}, "Aces": [{"RightName": "Owner", "AceType": "", "IsInherited": false, "PrincipalSID": "S-1-5-21-3072663084-364016917-1341370565-512", "PrincipalType": "Group"}, {"RightName": "GenericAll", "AceType": "", "IsInherited": false, "PrincipalSID": "S-1-5-21-3072663084-364016917-1341370565-512", "PrincipalType": "Group"}, {"RightName": "GenericAll", "AceType": "", "IsInherited": false, "PrincipalSID": "HTB.LOCAL-S-1-5-32-548", "PrincipalType": "Group"}, {"RightName": "ExtendedRight", "AceType": "User-Force-Change-Password", "IsInherited": true, "PrincipalSID": "S-1-5-21-3072663084-364016917-1341370565-1153", "PrincipalType": "Unknown"}, {"RightName": "ExtendedRight", "AceType": "User-Force-Change-Password", "IsInherited": true, "PrincipalSID": "S-1-5-21-3072663084-364016917-1341370565-1121", "PrincipalType": "Group"}, {"RightName": "WriteDacl", "AceType": "", "IsInherited": true, "PrincipalSID": "S-1-5-21-3072663084-364016917-1341370565-1121", "PrincipalType": "Group"}, {"RightName": "GenericAll", "AceType": "", "IsInherited": true, "PrincipalSID": "S-1-5-21-3072663084-364016917-1341370565-519", "PrincipalType": "Group"}, {"RightName": "GenericWrite", "AceType": "", "IsInherited": true, "PrincipalSID": "HTB.LOCAL-S-1-5-32-544", "PrincipalType": "Group"}, {"RightName": "WriteOwner", "AceType": "", "IsInherited": true, "PrincipalSID": "HTB.LOCAL-S-1-5-32-544", "PrincipalType": "Group"}, {"RightName": "ExtendedRight", "AceType": "All", "IsInherited": true, "PrincipalSID": "HTB.LOCAL-S-1-5-32-544", "PrincipalType": "Group"}, {"RightName": "WriteDacl", "AceType": "", "IsInherited": true, "PrincipalSID": "HTB.LOCAL-S-1-5-32-544", "PrincipalType": "Group"}, {"RightName": "GenericWrite", "AceType": "", "IsInherited": true, "PrincipalSID": "HTB.LOCAL-S-1-5-7", "PrincipalType": "Group"}], "SPNTargets": [], "HasSIDHistory": []},{"AllowedToDelegate": [], "ObjectIdentifier": "S-1-5-21-3072663084-364016917-1341370565-1144", "PrimaryGroupSid": "S-1-5-21-3072663084-364016917-1341370565-513", "Properties": {"name": "HEALTHMAILBOX0659CC1@HTB.LOCAL", "domain": "HTB.LOCAL", "objectid": "S-1-5-21-3072663084-364016917-1341370565-1144", "distinguishedname": "CN=HealthMailbox0659cc188f4c4f9f978f6c2142c4181e,CN=Monitoring Mailboxes,CN=Microsoft Exchange System Objects,DC=htb,DC=local", "highvalue": false, "unconstraineddelegation": false, "passwordnotreqd": false, "enabled": true, "lastlogon": -1, "lastlogontimestamp": -1, "pwdlastset": 1568894278, "dontreqpreauth": false, "pwdneverexpires": true, "sensitive": false, "serviceprincipalnames": [], "hasspn": false, "displayname": "HealthMailbox-EXCH01-010", "email": "HealthMailbox0659cc188f4c4f9f978f6c2142c4181e@htb.local", "title": null, "homedirectory": null, "description": null, "userpassword": null, "admincount": false, "sidhistory": []}, "Aces": [{"RightName": "Owner", "AceType": "", "IsInherited": false, "PrincipalSID": "S-1-5-21-3072663084-364016917-1341370565-1103", "PrincipalType": "Computer"}, {"RightName": "GenericAll", "AceType": "", "IsInherited": false, "PrincipalSID": "S-1-5-21-3072663084-364016917-1341370565-512", "PrincipalType": "Group"}, {"RightName": "GenericAll", "AceType": "", "IsInherited": false, "PrincipalSID": "HTB.LOCAL-S-1-5-32-548", "PrincipalType": "Group"}, {"RightName": "ExtendedRight", "AceType": "User-Force-Change-Password", "IsInherited": true, "PrincipalSID": "S-1-5-21-3072663084-364016917-1341370565-1118", "PrincipalType": "Group"}, {"RightName": "GenericWrite", "AceType": "", "IsInherited": true, "PrincipalSID": "S-1-5-21-3072663084-364016917-1341370565-1104", "PrincipalType": "Group"}, {"RightName": "GenericWrite", "AceType": "", "IsInherited": true, "PrincipalSID": "S-1-5-21-3072663084-364016917-1341370565-1118", "PrincipalType": "Group"}, {"RightName": "ExtendedRight", "AceType": "User-Force-Change-Password", "IsInherited": true, "PrincipalSID": "S-1-5-21-3072663084-364016917-1341370565-1121", "PrincipalType": "Group"}, {"RightName": "WriteDacl", "AceType": "", "IsInherited": true, "PrincipalSID": "S-1-5-21-3072663084-364016917-1341370565-1121", "PrincipalType": "Group"}, {"RightName": "GenericAll", "AceType": "", "IsInherited": true, "PrincipalSID": "S-1-5-21-3072663084-364016917-1341370565-519", "PrincipalType": "Group"}, {"RightName": "GenericWrite", "AceType": "", "IsInherited": true, "PrincipalSID": "HTB.LOCAL-S-1-5-32-544", "PrincipalType": "Group"}, {"RightName": "WriteOwner", "AceType": "", "IsInherited": true, "PrincipalSID": "HTB.LOCAL-S-1-5-32-544", "PrincipalType": "Group"}, {"RightName": "ExtendedRight", "AceType": "All", "IsInherited": true, "PrincipalSID": "HTB.LOCAL-S-1-5-32-544", "PrincipalType": "Group"}, {"RightName": "WriteDacl", "AceType": "", "IsInherited": true, "PrincipalSID": "HTB.LOCAL-S-1-5-32-544", "PrincipalType": "Group"}, {"RightName": "GenericWrite", "AceType": "", "IsInherited": true, "PrincipalSID": "HTB.LOCAL-S-1-5-7", "PrincipalType": "Group"}], "SPNTargets": [], "HasSIDHistory": []},{"AllowedToDelegate": [], "ObjectIdentifier": "S-1-5-21-3072663084-364016917-1341370565-1143", "PrimaryGroupSid": "S-1-5-21-3072663084-364016917-1341370565-513", "Properties": {"name": "HEALTHMAILBOX7108A4E@HTB.LOCAL", "domain": "HTB.LOCAL", "objectid": "S-1-5-21-3072663084-364016917-1341370565-1143", "distinguishedname": "CN=HealthMailbox7108a4e350f84b32a7a90d8e718f78cf,CN=Monitoring Mailboxes,CN=Microsoft Exchange System Objects,DC=htb,DC=local", "highvalue": false, "unconstraineddelegation": false, "passwordnotreqd": false, "enabled": true, "lastlogon": -1, "lastlogontimestamp": -1, "pwdlastset": 1568894268, "dontreqpreauth": false, "pwdneverexpires": true, "sensitive": false, "serviceprincipalnames": [], "hasspn": false, "displayname": "HealthMailbox-EXCH01-009", "email": "HealthMailbox7108a4e350f84b32a7a90d8e718f78cf@htb.local", "title": null, "homedirectory": null, "description": null, "userpassword": null, "admincount": false, "sidhistory": []}, "Aces": [{"RightName": "Owner", "AceType": "", "IsInherited": false, "PrincipalSID": "S-1-5-21-3072663084-364016917-1341370565-1103", "PrincipalType": "Computer"}, {"RightName": "GenericAll", "AceType": "", "IsInherited": false, "PrincipalSID": "S-1-5-21-3072663084-364016917-1341370565-512", "PrincipalType": "Group"}, {"RightName": "GenericAll", "AceType": "", "IsInherited": false, "PrincipalSID": "HTB.LOCAL-S-1-5-32-548", "PrincipalType": "Group"}, {"RightName": "ExtendedRight", "AceType": "User-Force-Change-Password", "IsInherited": true, "PrincipalSID": "S-1-5-21-3072663084-364016917-1341370565-1118", "PrincipalType": "Group"}, {"RightName": "GenericWrite", "AceType": "", "IsInherited": true, "PrincipalSID": "S-1-5-21-3072663084-364016917-1341370565-1104", "PrincipalType": "Group"}, {"RightName": "GenericWrite", "AceType": "", "IsInherited": true, "PrincipalSID": "S-1-5-21-3072663084-364016917-1341370565-1118", "PrincipalType": "Group"}, {"RightName": "ExtendedRight", "AceType": "User-Force-Change-Password", "IsInherited": true, "PrincipalSID": "S-1-5-21-3072663084-364016917-1341370565-1121", "PrincipalType": "Group"}, {"RightName": "WriteDacl", "AceType": "", "IsInherited": true, "PrincipalSID": "S-1-5-21-3072663084-364016917-1341370565-1121", "PrincipalType": "Group"}, {"RightName": "GenericAll", "AceType": "", "IsInherited": true, "PrincipalSID": "S-1-5-21-3072663084-364016917-1341370565-519", "PrincipalType": "Group"}, {"RightName": "GenericWrite", "AceType": "", "IsInherited": true, "PrincipalSID": "HTB.LOCAL-S-1-5-32-544", "PrincipalType": "Group"}, {"RightName": "WriteOwner", "AceType": "", "IsInherited": true, "PrincipalSID": "HTB.LOCAL-S-1-5-32-544", "PrincipalType": "Group"}, {"RightName": "ExtendedRight", "AceType": "All", "IsInherited": true, "PrincipalSID": "HTB.LOCAL-S-1-5-32-544", "PrincipalType": "Group"}, {"RightName": "WriteDacl", "AceType": "", "IsInherited": true, "PrincipalSID": "HTB.LOCAL-S-1-5-32-544", "PrincipalType": "Group"}, {"RightName": "GenericWrite", "AceType": "", "IsInherited": true, "PrincipalSID": "HTB.LOCAL-S-1-5-7", "PrincipalType": "Group"}], "SPNTargets": [], "HasSIDHistory": []},{"AllowedToDelegate": [], "ObjectIdentifier": "S-1-5-21-3072663084-364016917-1341370565-1142", "PrimaryGroupSid": "S-1-5-21-3072663084-364016917-1341370565-513", "Properties": {"name": "HEALTHMAILBOXB01AC64@HTB.LOCAL", "domain": "HTB.LOCAL", "objectid": "S-1-5-21-3072663084-364016917-1341370565-1142", "distinguishedname": "CN=HealthMailboxb01ac647a64648d2a5fa21df27058a24,CN=Monitoring Mailboxes,CN=Microsoft Exchange System Objects,DC=htb,DC=local", "highvalue": false, "unconstraineddelegation": false, "passwordnotreqd": false, "enabled": true, "lastlogon": -1, "lastlogontimestamp": -1, "pwdlastset": 1568894257, "dontreqpreauth": false, "pwdneverexpires": true, "sensitive": false, "serviceprincipalnames": [], "hasspn": false, "displayname": "HealthMailbox-EXCH01-008", "email": "HealthMailboxb01ac647a64648d2a5fa21df27058a24@htb.local", "title": null, "homedirectory": null, "description": null, "userpassword": null, "admincount": false, "sidhistory": []}, "Aces": [{"RightName": "Owner", "AceType": "", "IsInherited": false, "PrincipalSID": "S-1-5-21-3072663084-364016917-1341370565-1103", "PrincipalType": "Computer"}, {"RightName": "GenericAll", "AceType": "", "IsInherited": false, "PrincipalSID": "S-1-5-21-3072663084-364016917-1341370565-512", "PrincipalType": "Group"}, {"RightName": "GenericAll", "AceType": "", "IsInherited": false, "PrincipalSID": "HTB.LOCAL-S-1-5-32-548", "PrincipalType": "Group"}, {"RightName": "ExtendedRight", "AceType": "User-Force-Change-Password", "IsInherited": true, "PrincipalSID": "S-1-5-21-3072663084-364016917-1341370565-1118", "PrincipalType": "Group"}, {"RightName": "GenericWrite", "AceType": "", "IsInherited": true, "PrincipalSID": "S-1-5-21-3072663084-364016917-1341370565-1104", "PrincipalType": "Group"}, {"RightName": "GenericWrite", "AceType": "", "IsInherited": true, "PrincipalSID": "S-1-5-21-3072663084-364016917-1341370565-1118", "PrincipalType": "Group"}, {"RightName": "ExtendedRight", "AceType": "User-Force-Change-Password", "IsInherited": true, "PrincipalSID": "S-1-5-21-3072663084-364016917-1341370565-1121", "PrincipalType": "Group"}, {"RightName": "WriteDacl", "AceType": "", "IsInherited": true, "PrincipalSID": "S-1-5-21-3072663084-364016917-1341370565-1121", "PrincipalType": "Group"}, {"RightName": "GenericAll", "AceType": "", "IsInherited": true, "PrincipalSID": "S-1-5-21-3072663084-364016917-1341370565-519", "PrincipalType": "Group"}, {"RightName": "GenericWrite", "AceType": "", "IsInherited": true, "PrincipalSID": "HTB.LOCAL-S-1-5-32-544", "PrincipalType": "Group"}, {"RightName": "WriteOwner", "AceType": "", "IsInherited": true, "PrincipalSID": "HTB.LOCAL-S-1-5-32-544", "PrincipalType": "Group"}, {"RightName": "ExtendedRight", "AceType": "All", "IsInherited": true, "PrincipalSID": "HTB.LOCAL-S-1-5-32-544", "PrincipalType": "Group"}, {"RightName": "WriteDacl", "AceType": "", "IsInherited": true, "PrincipalSID": "HTB.LOCAL-S-1-5-32-544", "PrincipalType": "Group"}, {"RightName": "GenericWrite", "AceType": "", "IsInherited": true, "PrincipalSID": "HTB.LOCAL-S-1-5-7", "PrincipalType": "Group"}], "SPNTargets": [], "HasSIDHistory": []},{"AllowedToDelegate": [], "ObjectIdentifier": "S-1-5-21-3072663084-364016917-1341370565-1141", "PrimaryGroupSid": "S-1-5-21-3072663084-364016917-1341370565-513", "Properties": {"name": "HEALTHMAILBOXFD87238@HTB.LOCAL", "domain": "HTB.LOCAL", "objectid": "S-1-5-21-3072663084-364016917-1341370565-1141", "distinguishedname": "CN=HealthMailboxfd87238e536e49e08738480d300e3772,CN=Monitoring Mailboxes,CN=Microsoft Exchange System Objects,DC=htb,DC=local", "highvalue": false, "unconstraineddelegation": false, "passwordnotreqd": false, "enabled": true, "lastlogon": -1, "lastlogontimestamp": -1, "pwdlastset": 1568894247, "dontreqpreauth": false, "pwdneverexpires": true, "sensitive": false, "serviceprincipalnames": [], "hasspn": false, "displayname": "HealthMailbox-EXCH01-007", "email": "HealthMailboxfd87238e536e49e08738480d300e3772@htb.local", "title": null, "homedirectory": null, "description": null, "userpassword": null, "admincount": false, "sidhistory": []}, "Aces": [{"RightName": "Owner", "AceType": "", "IsInherited": false, "PrincipalSID": "S-1-5-21-3072663084-364016917-1341370565-1103", "PrincipalType": "Computer"}, {"RightName": "GenericAll", "AceType": "", "IsInherited": false, "PrincipalSID": "S-1-5-21-3072663084-364016917-1341370565-512", "PrincipalType": "Group"}, {"RightName": "GenericAll", "AceType": "", "IsInherited": false, "PrincipalSID": "HTB.LOCAL-S-1-5-32-548", "PrincipalType": "Group"}, {"RightName": "ExtendedRight", "AceType": "User-Force-Change-Password", "IsInherited": true, "PrincipalSID": "S-1-5-21-3072663084-364016917-1341370565-1118", "PrincipalType": "Group"}, {"RightName": "GenericWrite", "AceType": "", "IsInherited": true, "PrincipalSID": "S-1-5-21-3072663084-364016917-1341370565-1104", "PrincipalType": "Group"}, {"RightName": "GenericWrite", "AceType": "", "IsInherited": true, "PrincipalSID": "S-1-5-21-3072663084-364016917-1341370565-1118", "PrincipalType": "Group"}, {"RightName": "ExtendedRight", "AceType": "User-Force-Change-Password", "IsInherited": true, "PrincipalSID": "S-1-5-21-3072663084-364016917-1341370565-1121", "PrincipalType": "Group"}, {"RightName": "WriteDacl", "AceType": "", "IsInherited": true, "PrincipalSID": "S-1-5-21-3072663084-364016917-1341370565-1121", "PrincipalType": "Group"}, {"RightName": "GenericAll", "AceType": "", "IsInherited": true, "PrincipalSID": "S-1-5-21-3072663084-364016917-1341370565-519", "PrincipalType": "Group"}, {"RightName": "GenericWrite", "AceType": "", "IsInherited": true, "PrincipalSID": "HTB.LOCAL-S-1-5-32-544", "PrincipalType": "Group"}, {"RightName": "WriteOwner", "AceType": "", "IsInherited": true, "PrincipalSID": "HTB.LOCAL-S-1-5-32-544", "PrincipalType": "Group"}, {"RightName": "ExtendedRight", "AceType": "All", "IsInherited": true, "PrincipalSID": "HTB.LOCAL-S-1-5-32-544", "PrincipalType": "Group"}, {"RightName": "WriteDacl", "AceType": "", "IsInherited": true, "PrincipalSID": "HTB.LOCAL-S-1-5-32-544", "PrincipalType": "Group"}, {"RightName": "GenericWrite", "AceType": "", "IsInherited": true, "PrincipalSID": "HTB.LOCAL-S-1-5-7", "PrincipalType": "Group"}], "SPNTargets": [], "HasSIDHistory": []},{"AllowedToDelegate": [], "ObjectIdentifier": "S-1-5-21-3072663084-364016917-1341370565-1140", "PrimaryGroupSid": "S-1-5-21-3072663084-364016917-1341370565-513", "Properties": {"name": "HEALTHMAILBOX83D6781@HTB.LOCAL", "domain": "HTB.LOCAL", "objectid": "S-1-5-21-3072663084-364016917-1341370565-1140", "distinguishedname": "CN=HealthMailbox83d6781be36b4bbf8893b03c2ee379ab,CN=Monitoring Mailboxes,CN=Microsoft Exchange System Objects,DC=htb,DC=local", "highvalue": false, "unconstraineddelegation": false, "passwordnotreqd": false, "enabled": true, "lastlogon": -1, "lastlogontimestamp": -1, "pwdlastset": 1568894237, "dontreqpreauth": false, "pwdneverexpires": true, "sensitive": false, "serviceprincipalnames": [], "hasspn": false, "displayname": "HealthMailbox-EXCH01-006", "email": "HealthMailbox83d6781be36b4bbf8893b03c2ee379ab@htb.local", "title": null, "homedirectory": null, "description": null, "userpassword": null, "admincount": false, "sidhistory": []}, "Aces": [{"RightName": "Owner", "AceType": "", "IsInherited": false, "PrincipalSID": "S-1-5-21-3072663084-364016917-1341370565-1103", "PrincipalType": "Computer"}, {"RightName": "GenericAll", "AceType": "", "IsInherited": false, "PrincipalSID": "S-1-5-21-3072663084-364016917-1341370565-512", "PrincipalType": "Group"}, {"RightName": "GenericAll", "AceType": "", "IsInherited": false, "PrincipalSID": "HTB.LOCAL-S-1-5-32-548", "PrincipalType": "Group"}, {"RightName": "ExtendedRight", "AceType": "User-Force-Change-Password", "IsInherited": true, "PrincipalSID": "S-1-5-21-3072663084-364016917-1341370565-1118", "PrincipalType": "Group"}, {"RightName": "GenericWrite", "AceType": "", "IsInherited": true, "PrincipalSID": "S-1-5-21-3072663084-364016917-1341370565-1104", "PrincipalType": "Group"}, {"RightName": "GenericWrite", "AceType": "", "IsInherited": true, "PrincipalSID": "S-1-5-21-3072663084-364016917-1341370565-1118", "PrincipalType": "Group"}, {"RightName": "ExtendedRight", "AceType": "User-Force-Change-Password", "IsInherited": true, "PrincipalSID": "S-1-5-21-3072663084-364016917-1341370565-1121", "PrincipalType": "Group"}, {"RightName": "WriteDacl", "AceType": "", "IsInherited": true, "PrincipalSID": "S-1-5-21-3072663084-364016917-1341370565-1121", "PrincipalType": "Group"}, {"RightName": "GenericAll", "AceType": "", "IsInherited": true, "PrincipalSID": "S-1-5-21-3072663084-364016917-1341370565-519", "PrincipalType": "Group"}, {"RightName": "GenericWrite", "AceType": "", "IsInherited": true, "PrincipalSID": "HTB.LOCAL-S-1-5-32-544", "PrincipalType": "Group"}, {"RightName": "WriteOwner", "AceType": "", "IsInherited": true, "PrincipalSID": "HTB.LOCAL-S-1-5-32-544", "PrincipalType": "Group"}, {"RightName": "ExtendedRight", "AceType": "All", "IsInherited": true, "PrincipalSID": "HTB.LOCAL-S-1-5-32-544", "PrincipalType": "Group"}, {"RightName": "WriteDacl", "AceType": "", "IsInherited": true, "PrincipalSID": "HTB.LOCAL-S-1-5-32-544", "PrincipalType": "Group"}, {"RightName": "GenericWrite", "AceType": "", "IsInherited": true, "PrincipalSID": "HTB.LOCAL-S-1-5-7", "PrincipalType": "Group"}], "SPNTargets": [], "HasSIDHistory": []},{"AllowedToDelegate": [], "ObjectIdentifier": "S-1-5-21-3072663084-364016917-1341370565-1139", "PrimaryGroupSid": "S-1-5-21-3072663084-364016917-1341370565-513", "Properties": {"name": "HEALTHMAILBOX6DED678@HTB.LOCAL", "domain": "HTB.LOCAL", "objectid": "S-1-5-21-3072663084-364016917-1341370565-1139", "distinguishedname": "CN=HealthMailbox6ded67848a234577a1756e072081d01f,CN=Monitoring Mailboxes,CN=Microsoft Exchange System Objects,DC=htb,DC=local", "highvalue": false, "unconstraineddelegation": false, "passwordnotreqd": false, "enabled": true, "lastlogon": -1, "lastlogontimestamp": -1, "pwdlastset": 1568894226, "dontreqpreauth": false, "pwdneverexpires": true, "sensitive": false, "serviceprincipalnames": [], "hasspn": false, "displayname": "HealthMailbox-EXCH01-005", "email": "HealthMailbox6ded67848a234577a1756e072081d01f@htb.local", "title": null, "homedirectory": null, "description": null, "userpassword": null, "admincount": false, "sidhistory": []}, "Aces": [{"RightName": "Owner", "AceType": "", "IsInherited": false, "PrincipalSID": "S-1-5-21-3072663084-364016917-1341370565-1103", "PrincipalType": "Computer"}, {"RightName": "GenericAll", "AceType": "", "IsInherited": false, "PrincipalSID": "S-1-5-21-3072663084-364016917-1341370565-512", "PrincipalType": "Group"}, {"RightName": "GenericAll", "AceType": "", "IsInherited": false, "PrincipalSID": "HTB.LOCAL-S-1-5-32-548", "PrincipalType": "Group"}, {"RightName": "ExtendedRight", "AceType": "User-Force-Change-Password", "IsInherited": true, "PrincipalSID": "S-1-5-21-3072663084-364016917-1341370565-1118", "PrincipalType": "Group"}, {"RightName": "GenericWrite", "AceType": "", "IsInherited": true, "PrincipalSID": "S-1-5-21-3072663084-364016917-1341370565-1104", "PrincipalType": "Group"}, {"RightName": "GenericWrite", "AceType": "", "IsInherited": true, "PrincipalSID": "S-1-5-21-3072663084-364016917-1341370565-1118", "PrincipalType": "Group"}, {"RightName": "ExtendedRight", "AceType": "User-Force-Change-Password", "IsInherited": true, "PrincipalSID": "S-1-5-21-3072663084-364016917-1341370565-1121", "PrincipalType": "Group"}, {"RightName": "WriteDacl", "AceType": "", "IsInherited": true, "PrincipalSID": "S-1-5-21-3072663084-364016917-1341370565-1121", "PrincipalType": "Group"}, {"RightName": "GenericAll", "AceType": "", "IsInherited": true, "PrincipalSID": "S-1-5-21-3072663084-364016917-1341370565-519", "PrincipalType": "Group"}, {"RightName": "GenericWrite", "AceType": "", "IsInherited": true, "PrincipalSID": "HTB.LOCAL-S-1-5-32-544", "PrincipalType": "Group"}, {"RightName": "WriteOwner", "AceType": "", "IsInherited": true, "PrincipalSID": "HTB.LOCAL-S-1-5-32-544", "PrincipalType": "Group"}, {"RightName": "ExtendedRight", "AceType": "All", "IsInherited": true, "PrincipalSID": "HTB.LOCAL-S-1-5-32-544", "PrincipalType": "Group"}, {"RightName": "WriteDacl", "AceType": "", "IsInherited": true, "PrincipalSID": "HTB.LOCAL-S-1-5-32-544", "PrincipalType": "Group"}, {"RightName": "GenericWrite", "AceType": "", "IsInherited": true, "PrincipalSID": "HTB.LOCAL-S-1-5-7", "PrincipalType": "Group"}], "SPNTargets": [], "HasSIDHistory": []},{"AllowedToDelegate": [], "ObjectIdentifier": "S-1-5-21-3072663084-364016917-1341370565-1138", "PrimaryGroupSid": "S-1-5-21-3072663084-364016917-1341370565-513", "Properties": {"name": "HEALTHMAILBOX968E74D@HTB.LOCAL", "domain": "HTB.LOCAL", "objectid": "S-1-5-21-3072663084-364016917-1341370565-1138", "distinguishedname": "CN=HealthMailbox968e74dd3edb414cb4018376e7dd95ba,CN=Monitoring Mailboxes,CN=Microsoft Exchange System Objects,DC=htb,DC=local", "highvalue": false, "unconstraineddelegation": false, "passwordnotreqd": false, "enabled": true, "lastlogon": -1, "lastlogontimestamp": -1, "pwdlastset": 1568894216, "dontreqpreauth": false, "pwdneverexpires": true, "sensitive": false, "serviceprincipalnames": [], "hasspn": false, "displayname": "HealthMailbox-EXCH01-004", "email": "HealthMailbox968e74dd3edb414cb4018376e7dd95ba@htb.local", "title": null, "homedirectory": null, "description": null, "userpassword": null, "admincount": false, "sidhistory": []}, "Aces": [{"RightName": "Owner", "AceType": "", "IsInherited": false, "PrincipalSID": "S-1-5-21-3072663084-364016917-1341370565-1103", "PrincipalType": "Computer"}, {"RightName": "GenericAll", "AceType": "", "IsInherited": false, "PrincipalSID": "S-1-5-21-3072663084-364016917-1341370565-512", "PrincipalType": "Group"}, {"RightName": "GenericAll", "AceType": "", "IsInherited": false, "PrincipalSID": "HTB.LOCAL-S-1-5-32-548", "PrincipalType": "Group"}, {"RightName": "ExtendedRight", "AceType": "User-Force-Change-Password", "IsInherited": true, "PrincipalSID": "S-1-5-21-3072663084-364016917-1341370565-1118", "PrincipalType": "Group"}, {"RightName": "GenericWrite", "AceType": "", "IsInherited": true, "PrincipalSID": "S-1-5-21-3072663084-364016917-1341370565-1104", "PrincipalType": "Group"}, {"RightName": "GenericWrite", "AceType": "", "IsInherited": true, "PrincipalSID": "S-1-5-21-3072663084-364016917-1341370565-1118", "PrincipalType": "Group"}, {"RightName": "ExtendedRight", "AceType": "User-Force-Change-Password", "IsInherited": true, "PrincipalSID": "S-1-5-21-3072663084-364016917-1341370565-1121", "PrincipalType": "Group"}, {"RightName": "WriteDacl", "AceType": "", "IsInherited": true, "PrincipalSID": "S-1-5-21-3072663084-364016917-1341370565-1121", "PrincipalType": "Group"}, {"RightName": "GenericAll", "AceType": "", "IsInherited": true, "PrincipalSID": "S-1-5-21-3072663084-364016917-1341370565-519", "PrincipalType": "Group"}, {"RightName": "GenericWrite", "AceType": "", "IsInherited": true, "PrincipalSID": "HTB.LOCAL-S-1-5-32-544", "PrincipalType": "Group"}, {"RightName": "WriteOwner", "AceType": "", "IsInherited": true, "PrincipalSID": "HTB.LOCAL-S-1-5-32-544", "PrincipalType": "Group"}, {"RightName": "ExtendedRight", "AceType": "All", "IsInherited": true, "PrincipalSID": "HTB.LOCAL-S-1-5-32-544", "PrincipalType": "Group"}, {"RightName": "WriteDacl", "AceType": "", "IsInherited": true, "PrincipalSID": "HTB.LOCAL-S-1-5-32-544", "PrincipalType": "Group"}, {"RightName": "GenericWrite", "AceType": "", "IsInherited": true, "PrincipalSID": "HTB.LOCAL-S-1-5-7", "PrincipalType": "Group"}], "SPNTargets": [], "HasSIDHistory": []},{"AllowedToDelegate": [], "ObjectIdentifier": "S-1-5-21-3072663084-364016917-1341370565-1137", "PrimaryGroupSid": "S-1-5-21-3072663084-364016917-1341370565-513", "Properties": {"name": "HEALTHMAILBOX670628E@HTB.LOCAL", "domain": "HTB.LOCAL", "objectid": "S-1-5-21-3072663084-364016917-1341370565-1137", "distinguishedname": "CN=HealthMailbox670628ec4dd64321acfdf6e67db3a2d8,CN=Monitoring Mailboxes,CN=Microsoft Exchange System Objects,DC=htb,DC=local", "highvalue": false, "unconstraineddelegation": false, "passwordnotreqd": false, "enabled": true, "lastlogon": -1, "lastlogontimestamp": -1, "pwdlastset": 1568894205, "dontreqpreauth": false, "pwdneverexpires": true, "sensitive": false, "serviceprincipalnames": [], "hasspn": false, "displayname": "HealthMailbox-EXCH01-003", "email": "HealthMailbox670628ec4dd64321acfdf6e67db3a2d8@htb.local", "title": null, "homedirectory": null, "description": null, "userpassword": null, "admincount": false, "sidhistory": []}, "Aces": [{"RightName": "Owner", "AceType": "", "IsInherited": false, "PrincipalSID": "S-1-5-21-3072663084-364016917-1341370565-1103", "PrincipalType": "Computer"}, {"RightName": "GenericAll", "AceType": "", "IsInherited": false, "PrincipalSID": "S-1-5-21-3072663084-364016917-1341370565-512", "PrincipalType": "Group"}, {"RightName": "GenericAll", "AceType": "", "IsInherited": false, "PrincipalSID": "HTB.LOCAL-S-1-5-32-548", "PrincipalType": "Group"}, {"RightName": "ExtendedRight", "AceType": "User-Force-Change-Password", "IsInherited": true, "PrincipalSID": "S-1-5-21-3072663084-364016917-1341370565-1118", "PrincipalType": "Group"}, {"RightName": "GenericWrite", "AceType": "", "IsInherited": true, "PrincipalSID": "S-1-5-21-3072663084-364016917-1341370565-1104", "PrincipalType": "Group"}, {"RightName": "GenericWrite", "AceType": "", "IsInherited": true, "PrincipalSID": "S-1-5-21-3072663084-364016917-1341370565-1118", "PrincipalType": "Group"}, {"RightName": "ExtendedRight", "AceType": "User-Force-Change-Password", "IsInherited": true, "PrincipalSID": "S-1-5-21-3072663084-364016917-1341370565-1121", "PrincipalType": "Group"}, {"RightName": "WriteDacl", "AceType": "", "IsInherited": true, "PrincipalSID": "S-1-5-21-3072663084-364016917-1341370565-1121", "PrincipalType": "Group"}, {"RightName": "GenericAll", "AceType": "", "IsInherited": true, "PrincipalSID": "S-1-5-21-3072663084-364016917-1341370565-519", "PrincipalType": "Group"}, {"RightName": "GenericWrite", "AceType": "", "IsInherited": true, "PrincipalSID": "HTB.LOCAL-S-1-5-32-544", "PrincipalType": "Group"}, {"RightName": "WriteOwner", "AceType": "", "IsInherited": true, "PrincipalSID": "HTB.LOCAL-S-1-5-32-544", "PrincipalType": "Group"}, {"RightName": "ExtendedRight", "AceType": "All", "IsInherited": true, "PrincipalSID": "HTB.LOCAL-S-1-5-32-544", "PrincipalType": "Group"}, {"RightName": "WriteDacl", "AceType": "", "IsInherited": true, "PrincipalSID": "HTB.LOCAL-S-1-5-32-544", "PrincipalType": "Group"}, {"RightName": "GenericWrite", "AceType": "", "IsInherited": true, "PrincipalSID": "HTB.LOCAL-S-1-5-7", "PrincipalType": "Group"}], "SPNTargets": [], "HasSIDHistory": []},{"AllowedToDelegate": [], "ObjectIdentifier": "S-1-5-21-3072663084-364016917-1341370565-1132", "PrimaryGroupSid": "S-1-5-21-3072663084-364016917-1341370565-513", "Properties": {"name": "SM_1FFAB36A2F5F479CB@HTB.LOCAL", "domain": "HTB.LOCAL", "objectid": "S-1-5-21-3072663084-364016917-1341370565-1132", "distinguishedname": "CN=SystemMailbox{8cc370d3-822a-4ab8-a926-bb94bd0641a9},CN=Users,DC=htb,DC=local", "highvalue": false, "unconstraineddelegation": false, "passwordnotreqd": false, "enabled": false, "lastlogon": -1, "lastlogontimestamp": -1, "pwdlastset": -1, "dontreqpreauth": false, "pwdneverexpires": false, "sensitive": false, "serviceprincipalnames": [], "hasspn": false, "displayname": "SystemMailbox{8cc370d3-822a-4ab8-a926-bb94bd0641a9}", "email": "SystemMailbox{8cc370d3-822a-4ab8-a926-bb94bd0641a9}@htb.local", "title": null, "homedirectory": null, "description": null, "userpassword": null, "admincount": false, "sidhistory": []}, "Aces": [{"RightName": "Owner", "AceType": "", "IsInherited": false, "PrincipalSID": "S-1-5-21-3072663084-364016917-1341370565-512", "PrincipalType": "Group"}, {"RightName": "GenericAll", "AceType": "", "IsInherited": false, "PrincipalSID": "S-1-5-21-3072663084-364016917-1341370565-512", "PrincipalType": "Group"}, {"RightName": "GenericAll", "AceType": "", "IsInherited": false, "PrincipalSID": "S-1-5-21-3072663084-364016917-1341370565-1104", "PrincipalType": "Group"}, {"RightName": "GenericAll", "AceType": "", "IsInherited": false, "PrincipalSID": "HTB.LOCAL-S-1-5-32-548", "PrincipalType": "Group"}, {"RightName": "ExtendedRight", "AceType": "User-Force-Change-Password", "IsInherited": true, "PrincipalSID": "S-1-5-21-3072663084-364016917-1341370565-1121", "PrincipalType": "Group"}, {"RightName": "WriteDacl", "AceType": "", "IsInherited": true, "PrincipalSID": "S-1-5-21-3072663084-364016917-1341370565-1121", "PrincipalType": "Group"}, {"RightName": "GenericAll", "AceType": "", "IsInherited": true, "PrincipalSID": "S-1-5-21-3072663084-364016917-1341370565-519", "PrincipalType": "Group"}, {"RightName": "GenericWrite", "AceType": "", "IsInherited": true, "PrincipalSID": "HTB.LOCAL-S-1-5-32-544", "PrincipalType": "Group"}, {"RightName": "WriteOwner", "AceType": "", "IsInherited": true, "PrincipalSID": "HTB.LOCAL-S-1-5-32-544", "PrincipalType": "Group"}, {"RightName": "ExtendedRight", "AceType": "All", "IsInherited": true, "PrincipalSID": "HTB.LOCAL-S-1-5-32-544", "PrincipalType": "Group"}, {"RightName": "WriteDacl", "AceType": "", "IsInherited": true, "PrincipalSID": "HTB.LOCAL-S-1-5-32-544", "PrincipalType": "Group"}, {"RightName": "GenericWrite", "AceType": "", "IsInherited": true, "PrincipalSID": "HTB.LOCAL-S-1-5-7", "PrincipalType": "Group"}], "SPNTargets": [], "HasSIDHistory": []},{"AllowedToDelegate": [], "ObjectIdentifier": "S-1-5-21-3072663084-364016917-1341370565-1136", "PrimaryGroupSid": "S-1-5-21-3072663084-364016917-1341370565-513", "Properties": {"name": "HEALTHMAILBOXC0A90C9@HTB.LOCAL", "domain": "HTB.LOCAL", "objectid": "S-1-5-21-3072663084-364016917-1341370565-1136", "distinguishedname": "CN=HealthMailboxc0a90c97d4994429b15003d6a518f3f5,CN=Monitoring Mailboxes,CN=Microsoft Exchange System Objects,DC=htb,DC=local", "highvalue": false, "unconstraineddelegation": false, "passwordnotreqd": false, "enabled": true, "lastlogon": -1, "lastlogontimestamp": -1, "pwdlastset": 1568894195, "dontreqpreauth": false, "pwdneverexpires": true, "sensitive": false, "serviceprincipalnames": [], "hasspn": false, "displayname": "HealthMailbox-EXCH01-002", "email": "HealthMailboxc0a90c97d4994429b15003d6a518f3f5@htb.local", "title": null, "homedirectory": null, "description": null, "userpassword": null, "admincount": false, "sidhistory": []}, "Aces": [{"RightName": "Owner", "AceType": "", "IsInherited": false, "PrincipalSID": "S-1-5-21-3072663084-364016917-1341370565-1103", "PrincipalType": "Computer"}, {"RightName": "GenericAll", "AceType": "", "IsInherited": false, "PrincipalSID": "S-1-5-21-3072663084-364016917-1341370565-512", "PrincipalType": "Group"}, {"RightName": "GenericAll", "AceType": "", "IsInherited": false, "PrincipalSID": "HTB.LOCAL-S-1-5-32-548", "PrincipalType": "Group"}, {"RightName": "ExtendedRight", "AceType": "User-Force-Change-Password", "IsInherited": true, "PrincipalSID": "S-1-5-21-3072663084-364016917-1341370565-1118", "PrincipalType": "Group"}, {"RightName": "GenericWrite", "AceType": "", "IsInherited": true, "PrincipalSID": "S-1-5-21-3072663084-364016917-1341370565-1104", "PrincipalType": "Group"}, {"RightName": "GenericWrite", "AceType": "", "IsInherited": true, "PrincipalSID": "S-1-5-21-3072663084-364016917-1341370565-1118", "PrincipalType": "Group"}, {"RightName": "ExtendedRight", "AceType": "User-Force-Change-Password", "IsInherited": true, "PrincipalSID": "S-1-5-21-3072663084-364016917-1341370565-1121", "PrincipalType": "Group"}, {"RightName": "WriteDacl", "AceType": "", "IsInherited": true, "PrincipalSID": "S-1-5-21-3072663084-364016917-1341370565-1121", "PrincipalType": "Group"}, {"RightName": "GenericAll", "AceType": "", "IsInherited": true, "PrincipalSID": "S-1-5-21-3072663084-364016917-1341370565-519", "PrincipalType": "Group"}, {"RightName": "GenericWrite", "AceType": "", "IsInherited": true, "PrincipalSID": "HTB.LOCAL-S-1-5-32-544", "PrincipalType": "Group"}, {"RightName": "WriteOwner", "AceType": "", "IsInherited": true, "PrincipalSID": "HTB.LOCAL-S-1-5-32-544", "PrincipalType": "Group"}, {"RightName": "ExtendedRight", "AceType": "All", "IsInherited": true, "PrincipalSID": "HTB.LOCAL-S-1-5-32-544", "PrincipalType": "Group"}, {"RightName": "WriteDacl", "AceType": "", "IsInherited": true, "PrincipalSID": "HTB.LOCAL-S-1-5-32-544", "PrincipalType": "Group"}, {"RightName": "GenericWrite", "AceType": "", "IsInherited": true, "PrincipalSID": "HTB.LOCAL-S-1-5-7", "PrincipalType": "Group"}], "SPNTargets": [], "HasSIDHistory": []},{"AllowedToDelegate": [], "ObjectIdentifier": "S-1-5-21-3072663084-364016917-1341370565-1135", "PrimaryGroupSid": "S-1-5-21-3072663084-364016917-1341370565-513", "Properties": {"name": "HEALTHMAILBOXFC9DAAD@HTB.LOCAL", "domain": "HTB.LOCAL", "objectid": "S-1-5-21-3072663084-364016917-1341370565-1135", "distinguishedname": "CN=HealthMailboxfc9daad117b84fe08b081886bd8a5a50,CN=Monitoring Mailboxes,CN=Microsoft Exchange System Objects,DC=htb,DC=local", "highvalue": false, "unconstraineddelegation": false, "passwordnotreqd": false, "enabled": true, "lastlogon": 1569279125, "lastlogontimestamp": 1568894314, "pwdlastset": 1569279095, "dontreqpreauth": false, "pwdneverexpires": true, "sensitive": false, "serviceprincipalnames": [], "hasspn": false, "displayname": "HealthMailbox-EXCH01-001", "email": "HealthMailboxfc9daad117b84fe08b081886bd8a5a50@htb.local", "title": null, "homedirectory": null, "description": null, "userpassword": null, "admincount": false, "sidhistory": []}, "Aces": [{"RightName": "Owner", "AceType": "", "IsInherited": false, "PrincipalSID": "S-1-5-21-3072663084-364016917-1341370565-1103", "PrincipalType": "Computer"}, {"RightName": "GenericAll", "AceType": "", "IsInherited": false, "PrincipalSID": "S-1-5-21-3072663084-364016917-1341370565-512", "PrincipalType": "Group"}, {"RightName": "GenericAll", "AceType": "", "IsInherited": false, "PrincipalSID": "HTB.LOCAL-S-1-5-32-548", "PrincipalType": "Group"}, {"RightName": "ExtendedRight", "AceType": "User-Force-Change-Password", "IsInherited": true, "PrincipalSID": "S-1-5-21-3072663084-364016917-1341370565-1118", "PrincipalType": "Group"}, {"RightName": "GenericWrite", "AceType": "", "IsInherited": true, "PrincipalSID": "S-1-5-21-3072663084-364016917-1341370565-1104", "PrincipalType": "Group"}, {"RightName": "GenericWrite", "AceType": "", "IsInherited": true, "PrincipalSID": "S-1-5-21-3072663084-364016917-1341370565-1118", "PrincipalType": "Group"}, {"RightName": "ExtendedRight", "AceType": "User-Force-Change-Password", "IsInherited": true, "PrincipalSID": "S-1-5-21-3072663084-364016917-1341370565-1121", "PrincipalType": "Group"}, {"RightName": "WriteDacl", "AceType": "", "IsInherited": true, "PrincipalSID": "S-1-5-21-3072663084-364016917-1341370565-1121", "PrincipalType": "Group"}, {"RightName": "GenericAll", "AceType": "", "IsInherited": true, "PrincipalSID": "S-1-5-21-3072663084-364016917-1341370565-519", "PrincipalType": "Group"}, {"RightName": "GenericWrite", "AceType": "", "IsInherited": true, "PrincipalSID": "HTB.LOCAL-S-1-5-32-544", "PrincipalType": "Group"}, {"RightName": "WriteOwner", "AceType": "", "IsInherited": true, "PrincipalSID": "HTB.LOCAL-S-1-5-32-544", "PrincipalType": "Group"}, {"RightName": "ExtendedRight", "AceType": "All", "IsInherited": true, "PrincipalSID": "HTB.LOCAL-S-1-5-32-544", "PrincipalType": "Group"}, {"RightName": "WriteDacl", "AceType": "", "IsInherited": true, "PrincipalSID": "HTB.LOCAL-S-1-5-32-544", "PrincipalType": "Group"}, {"RightName": "GenericWrite", "AceType": "", "IsInherited": true, "PrincipalSID": "HTB.LOCAL-S-1-5-7", "PrincipalType": "Group"}], "SPNTargets": [], "HasSIDHistory": []},{"AllowedToDelegate": [], "ObjectIdentifier": "S-1-5-21-3072663084-364016917-1341370565-1134", "PrimaryGroupSid": "S-1-5-21-3072663084-364016917-1341370565-513", "Properties": {"name": "HEALTHMAILBOXC3D7722@HTB.LOCAL", "domain": "HTB.LOCAL", "objectid": "S-1-5-21-3072663084-364016917-1341370565-1134", "distinguishedname": "CN=HealthMailboxc3d7722415ad41a5b19e3e00e165edbe,CN=Monitoring Mailboxes,CN=Microsoft Exchange System Objects,DC=htb,DC=local", "highvalue": false, "unconstraineddelegation": false, "passwordnotreqd": false, "enabled": true, "lastlogon": 1569279432, "lastlogontimestamp": 1568896093, "pwdlastset": 1569279091, "dontreqpreauth": false, "pwdneverexpires": true, "sensitive": false, "serviceprincipalnames": [], "hasspn": false, "displayname": "HealthMailbox-EXCH01-Mailbox-Database-1118319013", "email": "HealthMailboxc3d7722415ad41a5b19e3e00e165edbe@htb.local", "title": null, "homedirectory": null, "description": null, "userpassword": null, "admincount": false, "sidhistory": []}, "Aces": [{"RightName": "Owner", "AceType": "", "IsInherited": false, "PrincipalSID": "S-1-5-21-3072663084-364016917-1341370565-1103", "PrincipalType": "Computer"}, {"RightName": "GenericAll", "AceType": "", "IsInherited": false, "PrincipalSID": "S-1-5-21-3072663084-364016917-1341370565-512", "PrincipalType": "Group"}, {"RightName": "GenericAll", "AceType": "", "IsInherited": false, "PrincipalSID": "HTB.LOCAL-S-1-5-32-548", "PrincipalType": "Group"}, {"RightName": "ExtendedRight", "AceType": "User-Force-Change-Password", "IsInherited": true, "PrincipalSID": "S-1-5-21-3072663084-364016917-1341370565-1118", "PrincipalType": "Group"}, {"RightName": "GenericWrite", "AceType": "", "IsInherited": true, "PrincipalSID": "S-1-5-21-3072663084-364016917-1341370565-1104", "PrincipalType": "Group"}, {"RightName": "GenericWrite", "AceType": "", "IsInherited": true, "PrincipalSID": "S-1-5-21-3072663084-364016917-1341370565-1118", "PrincipalType": "Group"}, {"RightName": "ExtendedRight", "AceType": "User-Force-Change-Password", "IsInherited": true, "PrincipalSID": "S-1-5-21-3072663084-364016917-1341370565-1121", "PrincipalType": "Group"}, {"RightName": "WriteDacl", "AceType": "", "IsInherited": true, "PrincipalSID": "S-1-5-21-3072663084-364016917-1341370565-1121", "PrincipalType": "Group"}, {"RightName": "GenericAll", "AceType": "", "IsInherited": true, "PrincipalSID": "S-1-5-21-3072663084-364016917-1341370565-519", "PrincipalType": "Group"}, {"RightName": "GenericWrite", "AceType": "", "IsInherited": true, "PrincipalSID": "HTB.LOCAL-S-1-5-32-544", "PrincipalType": "Group"}, {"RightName": "WriteOwner", "AceType": "", "IsInherited": true, "PrincipalSID": "HTB.LOCAL-S-1-5-32-544", "PrincipalType": "Group"}, {"RightName": "ExtendedRight", "AceType": "All", "IsInherited": true, "PrincipalSID": "HTB.LOCAL-S-1-5-32-544", "PrincipalType": "Group"}, {"RightName": "WriteDacl", "AceType": "", "IsInherited": true, "PrincipalSID": "HTB.LOCAL-S-1-5-32-544", "PrincipalType": "Group"}, {"RightName": "GenericWrite", "AceType": "", "IsInherited": true, "PrincipalSID": "HTB.LOCAL-S-1-5-7", "PrincipalType": "Group"}], "SPNTargets": [], "HasSIDHistory": []},{"AllowedToDelegate": [], "ObjectIdentifier": "S-1-5-21-3072663084-364016917-1341370565-1130", "PrimaryGroupSid": "S-1-5-21-3072663084-364016917-1341370565-513", "Properties": {"name": "SM_7C96B981967141EBB@HTB.LOCAL", "domain": "HTB.LOCAL", "objectid": "S-1-5-21-3072663084-364016917-1341370565-1130", "distinguishedname": "CN=SystemMailbox{D0E409A0-AF9B-4720-92FE-AAC869B0D201},CN=Users,DC=htb,DC=local", "highvalue": false, "unconstraineddelegation": false, "passwordnotreqd": false, "enabled": false, "lastlogon": -1, "lastlogontimestamp": -1, "pwdlastset": -1, "dontreqpreauth": false, "pwdneverexpires": false, "sensitive": false, "serviceprincipalnames": [], "hasspn": false, "displayname": "E4E Encryption Store - Active", "email": "SystemMailbox{D0E409A0-AF9B-4720-92FE-AAC869B0D201}@htb.local", "title": null, "homedirectory": null, "description": null, "userpassword": null, "admincount": false, "sidhistory": []}, "Aces": [{"RightName": "Owner", "AceType": "", "IsInherited": false, "PrincipalSID": "S-1-5-21-3072663084-364016917-1341370565-512", "PrincipalType": "Group"}, {"RightName": "GenericAll", "AceType": "", "IsInherited": false, "PrincipalSID": "S-1-5-21-3072663084-364016917-1341370565-512", "PrincipalType": "Group"}, {"RightName": "GenericAll", "AceType": "", "IsInherited": false, "PrincipalSID": "S-1-5-21-3072663084-364016917-1341370565-1104", "PrincipalType": "Group"}, {"RightName": "GenericAll", "AceType": "", "IsInherited": false, "PrincipalSID": "HTB.LOCAL-S-1-5-32-548", "PrincipalType": "Group"}, {"RightName": "ExtendedRight", "AceType": "User-Force-Change-Password", "IsInherited": true, "PrincipalSID": "S-1-5-21-3072663084-364016917-1341370565-1121", "PrincipalType": "Group"}, {"RightName": "WriteDacl", "AceType": "", "IsInherited": true, "PrincipalSID": "S-1-5-21-3072663084-364016917-1341370565-1121", "PrincipalType": "Group"}, {"RightName": "GenericAll", "AceType": "", "IsInherited": true, "PrincipalSID": "S-1-5-21-3072663084-364016917-1341370565-519", "PrincipalType": "Group"}, {"RightName": "GenericWrite", "AceType": "", "IsInherited": true, "PrincipalSID": "HTB.LOCAL-S-1-5-32-544", "PrincipalType": "Group"}, {"RightName": "WriteOwner", "AceType": "", "IsInherited": true, "PrincipalSID": "HTB.LOCAL-S-1-5-32-544", "PrincipalType": "Group"}, {"RightName": "ExtendedRight", "AceType": "All", "IsInherited": true, "PrincipalSID": "HTB.LOCAL-S-1-5-32-544", "PrincipalType": "Group"}, {"RightName": "WriteDacl", "AceType": "", "IsInherited": true, "PrincipalSID": "HTB.LOCAL-S-1-5-32-544", "PrincipalType": "Group"}, {"RightName": "GenericWrite", "AceType": "", "IsInherited": true, "PrincipalSID": "HTB.LOCAL-S-1-5-7", "PrincipalType": "Group"}], "SPNTargets": [], "HasSIDHistory": []},{"AllowedToDelegate": [], "ObjectIdentifier": "S-1-5-21-3072663084-364016917-1341370565-1131", "PrimaryGroupSid": "S-1-5-21-3072663084-364016917-1341370565-513", "Properties": {"name": "SM_C75EE099D0A64C91B@HTB.LOCAL", "domain": "HTB.LOCAL", "objectid": "S-1-5-21-3072663084-364016917-1341370565-1131", "distinguishedname": "CN=SystemMailbox{2CE34405-31BE-455D-89D7-A7C7DA7A0DAA},CN=Users,DC=htb,DC=local", "highvalue": false, "unconstraineddelegation": false, "passwordnotreqd": false, "enabled": false, "lastlogon": -1, "lastlogontimestamp": -1, "pwdlastset": -1, "dontreqpreauth": false, "pwdneverexpires": false, "sensitive": false, "serviceprincipalnames": [], "hasspn": false, "displayname": "Microsoft Exchange", "email": "SystemMailbox{2CE34405-31BE-455D-89D7-A7C7DA7A0DAA}@htb.local", "title": null, "homedirectory": null, "description": null, "userpassword": null, "admincount": false, "sidhistory": []}, "Aces": [{"RightName": "Owner", "AceType": "", "IsInherited": false, "PrincipalSID": "S-1-5-21-3072663084-364016917-1341370565-512", "PrincipalType": "Group"}, {"RightName": "GenericAll", "AceType": "", "IsInherited": false, "PrincipalSID": "S-1-5-21-3072663084-364016917-1341370565-512", "PrincipalType": "Group"}, {"RightName": "GenericAll", "AceType": "", "IsInherited": false, "PrincipalSID": "S-1-5-21-3072663084-364016917-1341370565-1104", "PrincipalType": "Group"}, {"RightName": "GenericAll", "AceType": "", "IsInherited": false, "PrincipalSID": "HTB.LOCAL-S-1-5-32-548", "PrincipalType": "Group"}, {"RightName": "ExtendedRight", "AceType": "User-Force-Change-Password", "IsInherited": true, "PrincipalSID": "S-1-5-21-3072663084-364016917-1341370565-1121", "PrincipalType": "Group"}, {"RightName": "WriteDacl", "AceType": "", "IsInherited": true, "PrincipalSID": "S-1-5-21-3072663084-364016917-1341370565-1121", "PrincipalType": "Group"}, {"RightName": "GenericAll", "AceType": "", "IsInherited": true, "PrincipalSID": "S-1-5-21-3072663084-364016917-1341370565-519", "PrincipalType": "Group"}, {"RightName": "GenericWrite", "AceType": "", "IsInherited": true, "PrincipalSID": "HTB.LOCAL-S-1-5-32-544", "PrincipalType": "Group"}, {"RightName": "WriteOwner", "AceType": "", "IsInherited": true, "PrincipalSID": "HTB.LOCAL-S-1-5-32-544", "PrincipalType": "Group"}, {"RightName": "ExtendedRight", "AceType": "All", "IsInherited": true, "PrincipalSID": "HTB.LOCAL-S-1-5-32-544", "PrincipalType": "Group"}, {"RightName": "WriteDacl", "AceType": "", "IsInherited": true, "PrincipalSID": "HTB.LOCAL-S-1-5-32-544", "PrincipalType": "Group"}, {"RightName": "GenericWrite", "AceType": "", "IsInherited": true, "PrincipalSID": "HTB.LOCAL-S-1-5-7", "PrincipalType": "Group"}], "SPNTargets": [], "HasSIDHistory": []},{"AllowedToDelegate": [], "ObjectIdentifier": "S-1-5-21-3072663084-364016917-1341370565-1129", "PrimaryGroupSid": "S-1-5-21-3072663084-364016917-1341370565-513", "Properties": {"name": "SM_9B69F1B9D2CC45549@HTB.LOCAL", "domain": "HTB.LOCAL", "objectid": "S-1-5-21-3072663084-364016917-1341370565-1129", "distinguishedname": "CN=FederatedEmail.4c1f4d8b-8179-4148-93bf-00a95fa1e042,CN=Users,DC=htb,DC=local", "highvalue": false, "unconstraineddelegation": false, "passwordnotreqd": false, "enabled": false, "lastlogon": -1, "lastlogontimestamp": -1, "pwdlastset": -1, "dontreqpreauth": false, "pwdneverexpires": false, "sensitive": false, "serviceprincipalnames": [], "hasspn": false, "displayname": "Microsoft Exchange Federation Mailbox", "email": "FederatedEmail.4c1f4d8b-8179-4148-93bf-00a95fa1e042@htb.local", "title": null, "homedirectory": null, "description": null, "userpassword": null, "admincount": false, "sidhistory": []}, "Aces": [{"RightName": "Owner", "AceType": "", "IsInherited": false, "PrincipalSID": "S-1-5-21-3072663084-364016917-1341370565-512", "PrincipalType": "Group"}, {"RightName": "GenericAll", "AceType": "", "IsInherited": false, "PrincipalSID": "S-1-5-21-3072663084-364016917-1341370565-512", "PrincipalType": "Group"}, {"RightName": "GenericAll", "AceType": "", "IsInherited": false, "PrincipalSID": "S-1-5-21-3072663084-364016917-1341370565-1104", "PrincipalType": "Group"}, {"RightName": "GenericAll", "AceType": "", "IsInherited": false, "PrincipalSID": "HTB.LOCAL-S-1-5-32-548", "PrincipalType": "Group"}, {"RightName": "ExtendedRight", "AceType": "User-Force-Change-Password", "IsInherited": true, "PrincipalSID": "S-1-5-21-3072663084-364016917-1341370565-1121", "PrincipalType": "Group"}, {"RightName": "WriteDacl", "AceType": "", "IsInherited": true, "PrincipalSID": "S-1-5-21-3072663084-364016917-1341370565-1121", "PrincipalType": "Group"}, {"RightName": "GenericAll", "AceType": "", "IsInherited": true, "PrincipalSID": "S-1-5-21-3072663084-364016917-1341370565-519", "PrincipalType": "Group"}, {"RightName": "GenericWrite", "AceType": "", "IsInherited": true, "PrincipalSID": "HTB.LOCAL-S-1-5-32-544", "PrincipalType": "Group"}, {"RightName": "WriteOwner", "AceType": "", "IsInherited": true, "PrincipalSID": "HTB.LOCAL-S-1-5-32-544", "PrincipalType": "Group"}, {"RightName": "ExtendedRight", "AceType": "All", "IsInherited": true, "PrincipalSID": "HTB.LOCAL-S-1-5-32-544", "PrincipalType": "Group"}, {"RightName": "WriteDacl", "AceType": "", "IsInherited": true, "PrincipalSID": "HTB.LOCAL-S-1-5-32-544", "PrincipalType": "Group"}, {"RightName": "GenericWrite", "AceType": "", "IsInherited": true, "PrincipalSID": "HTB.LOCAL-S-1-5-7", "PrincipalType": "Group"}], "SPNTargets": [], "HasSIDHistory": []},{"AllowedToDelegate": [], "ObjectIdentifier": "S-1-5-21-3072663084-364016917-1341370565-1128", "PrimaryGroupSid": "S-1-5-21-3072663084-364016917-1341370565-513", "Properties": {"name": "SM_1B41C9286325456BB@HTB.LOCAL", "domain": "HTB.LOCAL", "objectid": "S-1-5-21-3072663084-364016917-1341370565-1128", "distinguishedname": "CN=Migration.8f3e7716-2011-43e4-96b1-aba62d229136,CN=Users,DC=htb,DC=local", "highvalue": false, "unconstraineddelegation": false, "passwordnotreqd": false, "enabled": false, "lastlogon": -1, "lastlogontimestamp": -1, "pwdlastset": -1, "dontreqpreauth": false, "pwdneverexpires": false, "sensitive": false, "serviceprincipalnames": [], "hasspn": false, "displayname": "Microsoft Exchange Migration", "email": "Migration.8f3e7716-2011-43e4-96b1-aba62d229136@htb.local", "title": null, "homedirectory": null, "description": null, "userpassword": null, "admincount": false, "sidhistory": []}, "Aces": [{"RightName": "Owner", "AceType": "", "IsInherited": false, "PrincipalSID": "S-1-5-21-3072663084-364016917-1341370565-512", "PrincipalType": "Group"}, {"RightName": "GenericAll", "AceType": "", "IsInherited": false, "PrincipalSID": "S-1-5-21-3072663084-364016917-1341370565-512", "PrincipalType": "Group"}, {"RightName": "GenericAll", "AceType": "", "IsInherited": false, "PrincipalSID": "S-1-5-21-3072663084-364016917-1341370565-1104", "PrincipalType": "Group"}, {"RightName": "GenericAll", "AceType": "", "IsInherited": false, "PrincipalSID": "HTB.LOCAL-S-1-5-32-548", "PrincipalType": "Group"}, {"RightName": "ExtendedRight", "AceType": "User-Force-Change-Password", "IsInherited": true, "PrincipalSID": "S-1-5-21-3072663084-364016917-1341370565-1121", "PrincipalType": "Group"}, {"RightName": "WriteDacl", "AceType": "", "IsInherited": true, "PrincipalSID": "S-1-5-21-3072663084-364016917-1341370565-1121", "PrincipalType": "Group"}, {"RightName": "GenericAll", "AceType": "", "IsInherited": true, "PrincipalSID": "S-1-5-21-3072663084-364016917-1341370565-519", "PrincipalType": "Group"}, {"RightName": "GenericWrite", "AceType": "", "IsInherited": true, "PrincipalSID": "HTB.LOCAL-S-1-5-32-544", "PrincipalType": "Group"}, {"RightName": "WriteOwner", "AceType": "", "IsInherited": true, "PrincipalSID": "HTB.LOCAL-S-1-5-32-544", "PrincipalType": "Group"}, {"RightName": "ExtendedRight", "AceType": "All", "IsInherited": true, "PrincipalSID": "HTB.LOCAL-S-1-5-32-544", "PrincipalType": "Group"}, {"RightName": "WriteDacl", "AceType": "", "IsInherited": true, "PrincipalSID": "HTB.LOCAL-S-1-5-32-544", "PrincipalType": "Group"}, {"RightName": "GenericWrite", "AceType": "", "IsInherited": true, "PrincipalSID": "HTB.LOCAL-S-1-5-7", "PrincipalType": "Group"}], "SPNTargets": [], "HasSIDHistory": []},{"AllowedToDelegate": [], "ObjectIdentifier": "S-1-5-21-3072663084-364016917-1341370565-1126", "PrimaryGroupSid": "S-1-5-21-3072663084-364016917-1341370565-513", "Properties": {"name": "SM_75A538D3025E4DB9A@HTB.LOCAL", "domain": "HTB.LOCAL", "objectid": "S-1-5-21-3072663084-364016917-1341370565-1126", "distinguishedname": "CN=SystemMailbox{e0dc1c29-89c3-4034-b678-e6c29d823ed9},CN=Users,DC=htb,DC=local", "highvalue": false, "unconstraineddelegation": false, "passwordnotreqd": false, "enabled": false, "lastlogon": -1, "lastlogontimestamp": -1, "pwdlastset": -1, "dontreqpreauth": false, "pwdneverexpires": false, "sensitive": false, "serviceprincipalnames": [], "hasspn": false, "displayname": "Microsoft Exchange", "email": "SystemMailbox{e0dc1c29-89c3-4034-b678-e6c29d823ed9}@htb.local", "title": null, "homedirectory": null, "description": null, "userpassword": null, "admincount": false, "sidhistory": []}, "Aces": [{"RightName": "Owner", "AceType": "", "IsInherited": false, "PrincipalSID": "S-1-5-21-3072663084-364016917-1341370565-512", "PrincipalType": "Group"}, {"RightName": "GenericAll", "AceType": "", "IsInherited": false, "PrincipalSID": "S-1-5-21-3072663084-364016917-1341370565-512", "PrincipalType": "Group"}, {"RightName": "GenericAll", "AceType": "", "IsInherited": false, "PrincipalSID": "S-1-5-21-3072663084-364016917-1341370565-1104", "PrincipalType": "Group"}, {"RightName": "GenericAll", "AceType": "", "IsInherited": false, "PrincipalSID": "HTB.LOCAL-S-1-5-32-548", "PrincipalType": "Group"}, {"RightName": "ExtendedRight", "AceType": "User-Force-Change-Password", "IsInherited": true, "PrincipalSID": "S-1-5-21-3072663084-364016917-1341370565-1121", "PrincipalType": "Group"}, {"RightName": "WriteDacl", "AceType": "", "IsInherited": true, "PrincipalSID": "S-1-5-21-3072663084-364016917-1341370565-1121", "PrincipalType": "Group"}, {"RightName": "GenericAll", "AceType": "", "IsInherited": true, "PrincipalSID": "S-1-5-21-3072663084-364016917-1341370565-519", "PrincipalType": "Group"}, {"RightName": "GenericWrite", "AceType": "", "IsInherited": true, "PrincipalSID": "HTB.LOCAL-S-1-5-32-544", "PrincipalType": "Group"}, {"RightName": "WriteOwner", "AceType": "", "IsInherited": true, "PrincipalSID": "HTB.LOCAL-S-1-5-32-544", "PrincipalType": "Group"}, {"RightName": "ExtendedRight", "AceType": "All", "IsInherited": true, "PrincipalSID": "HTB.LOCAL-S-1-5-32-544", "PrincipalType": "Group"}, {"RightName": "WriteDacl", "AceType": "", "IsInherited": true, "PrincipalSID": "HTB.LOCAL-S-1-5-32-544", "PrincipalType": "Group"}, {"RightName": "GenericWrite", "AceType": "", "IsInherited": true, "PrincipalSID": "HTB.LOCAL-S-1-5-7", "PrincipalType": "Group"}], "SPNTargets": [], "HasSIDHistory": []},{"AllowedToDelegate": [], "ObjectIdentifier": "S-1-5-21-3072663084-364016917-1341370565-1127", "PrimaryGroupSid": "S-1-5-21-3072663084-364016917-1341370565-513", "Properties": {"name": "SM_681F53D4942840E18@HTB.LOCAL", "domain": "HTB.LOCAL", "objectid": "S-1-5-21-3072663084-364016917-1341370565-1127", "distinguishedname": "CN=DiscoverySearchMailbox {D919BA05-46A6-415f-80AD-7E09334BB852},CN=Users,DC=htb,DC=local", "highvalue": false, "unconstraineddelegation": false, "passwordnotreqd": false, "enabled": false, "lastlogon": -1, "lastlogontimestamp": -1, "pwdlastset": -1, "dontreqpreauth": false, "pwdneverexpires": false, "sensitive": false, "serviceprincipalnames": [], "hasspn": false, "displayname": "Discovery Search Mailbox", "email": "DiscoverySearchMailbox{D919BA05-46A6-415f-80AD-7E09334BB852}@htb.local", "title": null, "homedirectory": null, "description": null, "userpassword": null, "admincount": false, "sidhistory": []}, "Aces": [{"RightName": "Owner", "AceType": "", "IsInherited": false, "PrincipalSID": "S-1-5-21-3072663084-364016917-1341370565-512", "PrincipalType": "Group"}, {"RightName": "GenericAll", "AceType": "", "IsInherited": false, "PrincipalSID": "S-1-5-21-3072663084-364016917-1341370565-512", "PrincipalType": "Group"}, {"RightName": "GenericAll", "AceType": "", "IsInherited": false, "PrincipalSID": "S-1-5-21-3072663084-364016917-1341370565-1104", "PrincipalType": "Group"}, {"RightName": "GenericAll", "AceType": "", "IsInherited": false, "PrincipalSID": "HTB.LOCAL-S-1-5-32-548", "PrincipalType": "Group"}, {"RightName": "ExtendedRight", "AceType": "User-Force-Change-Password", "IsInherited": true, "PrincipalSID": "S-1-5-21-3072663084-364016917-1341370565-1121", "PrincipalType": "Group"}, {"RightName": "WriteDacl", "AceType": "", "IsInherited": true, "PrincipalSID": "S-1-5-21-3072663084-364016917-1341370565-1121", "PrincipalType": "Group"}, {"RightName": "GenericAll", "AceType": "", "IsInherited": true, "PrincipalSID": "S-1-5-21-3072663084-364016917-1341370565-519", "PrincipalType": "Group"}, {"RightName": "GenericWrite", "AceType": "", "IsInherited": true, "PrincipalSID": "HTB.LOCAL-S-1-5-32-544", "PrincipalType": "Group"}, {"RightName": "WriteOwner", "AceType": "", "IsInherited": true, "PrincipalSID": "HTB.LOCAL-S-1-5-32-544", "PrincipalType": "Group"}, {"RightName": "ExtendedRight", "AceType": "All", "IsInherited": true, "PrincipalSID": "HTB.LOCAL-S-1-5-32-544", "PrincipalType": "Group"}, {"RightName": "WriteDacl", "AceType": "", "IsInherited": true, "PrincipalSID": "HTB.LOCAL-S-1-5-32-544", "PrincipalType": "Group"}, {"RightName": "GenericWrite", "AceType": "", "IsInherited": true, "PrincipalSID": "HTB.LOCAL-S-1-5-7", "PrincipalType": "Group"}], "SPNTargets": [], "HasSIDHistory": []},{"AllowedToDelegate": [], "ObjectIdentifier": "S-1-5-21-3072663084-364016917-1341370565-1125", "PrimaryGroupSid": "S-1-5-21-3072663084-364016917-1341370565-513", "Properties": {"name": "SM_CA8C2ED5BDAB4DC9B@HTB.LOCAL", "domain": "HTB.LOCAL", "objectid": "S-1-5-21-3072663084-364016917-1341370565-1125", "distinguishedname": "CN=SystemMailbox{bb558c35-97f1-4cb9-8ff7-d53741dc928c},CN=Users,DC=htb,DC=local", "highvalue": false, "unconstraineddelegation": false, "passwordnotreqd": false, "enabled": false, "lastlogon": -1, "lastlogontimestamp": -1, "pwdlastset": -1, "dontreqpreauth": false, "pwdneverexpires": false, "sensitive": false, "serviceprincipalnames": [], "hasspn": false, "displayname": "Microsoft Exchange", "email": "SystemMailbox{bb558c35-97f1-4cb9-8ff7-d53741dc928c}@htb.local", "title": null, "homedirectory": null, "description": null, "userpassword": null, "admincount": false, "sidhistory": []}, "Aces": [{"RightName": "Owner", "AceType": "", "IsInherited": false, "PrincipalSID": "S-1-5-21-3072663084-364016917-1341370565-512", "PrincipalType": "Group"}, {"RightName": "GenericAll", "AceType": "", "IsInherited": false, "PrincipalSID": "S-1-5-21-3072663084-364016917-1341370565-512", "PrincipalType": "Group"}, {"RightName": "GenericAll", "AceType": "", "IsInherited": false, "PrincipalSID": "S-1-5-21-3072663084-364016917-1341370565-1104", "PrincipalType": "Group"}, {"RightName": "GenericAll", "AceType": "", "IsInherited": false, "PrincipalSID": "HTB.LOCAL-S-1-5-32-548", "PrincipalType": "Group"}, {"RightName": "ExtendedRight", "AceType": "User-Force-Change-Password", "IsInherited": true, "PrincipalSID": "S-1-5-21-3072663084-364016917-1341370565-1121", "PrincipalType": "Group"}, {"RightName": "WriteDacl", "AceType": "", "IsInherited": true, "PrincipalSID": "S-1-5-21-3072663084-364016917-1341370565-1121", "PrincipalType": "Group"}, {"RightName": "GenericAll", "AceType": "", "IsInherited": true, "PrincipalSID": "S-1-5-21-3072663084-364016917-1341370565-519", "PrincipalType": "Group"}, {"RightName": "GenericWrite", "AceType": "", "IsInherited": true, "PrincipalSID": "HTB.LOCAL-S-1-5-32-544", "PrincipalType": "Group"}, {"RightName": "WriteOwner", "AceType": "", "IsInherited": true, "PrincipalSID": "HTB.LOCAL-S-1-5-32-544", "PrincipalType": "Group"}, {"RightName": "ExtendedRight", "AceType": "All", "IsInherited": true, "PrincipalSID": "HTB.LOCAL-S-1-5-32-544", "PrincipalType": "Group"}, {"RightName": "WriteDacl", "AceType": "", "IsInherited": true, "PrincipalSID": "HTB.LOCAL-S-1-5-32-544", "PrincipalType": "Group"}, {"RightName": "GenericWrite", "AceType": "", "IsInherited": true, "PrincipalSID": "HTB.LOCAL-S-1-5-7", "PrincipalType": "Group"}], "SPNTargets": [], "HasSIDHistory": []},{"AllowedToDelegate": [], "ObjectIdentifier": "S-1-5-21-3072663084-364016917-1341370565-502", "PrimaryGroupSid": "S-1-5-21-3072663084-364016917-1341370565-513", "Properties": {"name": "KRBTGT@HTB.LOCAL", "domain": "HTB.LOCAL", "objectid": "S-1-5-21-3072663084-364016917-1341370565-502", "distinguishedname": "CN=krbtgt,CN=Users,DC=htb,DC=local", "highvalue": false, "unconstraineddelegation": false, "passwordnotreqd": false, "enabled": false, "lastlogon": -1, "lastlogontimestamp": -1, "pwdlastset": 1568804003, "dontreqpreauth": false, "pwdneverexpires": false, "sensitive": false, "serviceprincipalnames": ["kadmin/changepw"], "hasspn": true, "displayname": null, "email": null, "title": null, "homedirectory": null, "description": "Key Distribution Center Service Account", "userpassword": null, "admincount": true, "sidhistory": []}, "Aces": [{"RightName": "Owner", "AceType": "", "IsInherited": false, "PrincipalSID": "S-1-5-21-3072663084-364016917-1341370565-512", "PrincipalType": "Group"}, {"RightName": "GenericWrite", "AceType": "", "IsInherited": false, "PrincipalSID": "S-1-5-21-3072663084-364016917-1341370565-512", "PrincipalType": "Group"}, {"RightName": "WriteOwner", "AceType": "", "IsInherited": false, "PrincipalSID": "S-1-5-21-3072663084-364016917-1341370565-512", "PrincipalType": "Group"}, {"RightName": "ExtendedRight", "AceType": "All", "IsInherited": false, "PrincipalSID": "S-1-5-21-3072663084-364016917-1341370565-512", "PrincipalType": "Group"}, {"RightName": "WriteDacl", "AceType": "", "IsInherited": false, "PrincipalSID": "S-1-5-21-3072663084-364016917-1341370565-512", "PrincipalType": "Group"}, {"RightName": "GenericWrite", "AceType": "", "IsInherited": false, "PrincipalSID": "S-1-5-21-3072663084-364016917-1341370565-519", "PrincipalType": "Group"}, {"RightName": "WriteOwner", "AceType": "", "IsInherited": false, "PrincipalSID": "S-1-5-21-3072663084-364016917-1341370565-519", "PrincipalType": "Group"}, {"RightName": "ExtendedRight", "AceType": "All", "IsInherited": false, "PrincipalSID": "S-1-5-21-3072663084-364016917-1341370565-519", "PrincipalType": "Group"}, {"RightName": "WriteDacl", "AceType": "", "IsInherited": false, "PrincipalSID": "S-1-5-21-3072663084-364016917-1341370565-519", "PrincipalType": "Group"}, {"RightName": "GenericWrite", "AceType": "", "IsInherited": false, "PrincipalSID": "HTB.LOCAL-S-1-5-32-544", "PrincipalType": "Group"}, {"RightName": "WriteOwner", "AceType": "", "IsInherited": false, "PrincipalSID": "HTB.LOCAL-S-1-5-32-544", "PrincipalType": "Group"}, {"RightName": "ExtendedRight", "AceType": "All", "IsInherited": false, "PrincipalSID": "HTB.LOCAL-S-1-5-32-544", "PrincipalType": "Group"}, {"RightName": "WriteDacl", "AceType": "", "IsInherited": false, "PrincipalSID": "HTB.LOCAL-S-1-5-32-544", "PrincipalType": "Group"}], "SPNTargets": [], "HasSIDHistory": []},{"AllowedToDelegate": [], "ObjectIdentifier": "S-1-5-21-3072663084-364016917-1341370565-1124", "PrimaryGroupSid": "S-1-5-21-3072663084-364016917-1341370565-513", "Properties": {"name": "SM_2C8EEF0A09B545ACB@HTB.LOCAL", "domain": "HTB.LOCAL", "objectid": "S-1-5-21-3072663084-364016917-1341370565-1124", "distinguishedname": "CN=SystemMailbox{1f05a927-89c0-4725-adca-4527114196a1},CN=Users,DC=htb,DC=local", "highvalue": false, "unconstraineddelegation": false, "passwordnotreqd": false, "enabled": false, "lastlogon": -1, "lastlogontimestamp": -1, "pwdlastset": -1, "dontreqpreauth": false, "pwdneverexpires": false, "sensitive": false, "serviceprincipalnames": [], "hasspn": false, "displayname": "Microsoft Exchange Approval Assistant", "email": "SystemMailbox{1f05a927-89c0-4725-adca-4527114196a1}@htb.local", "title": null, "homedirectory": null, "description": null, "userpassword": null, "admincount": false, "sidhistory": []}, "Aces": [{"RightName": "Owner", "AceType": "", "IsInherited": false, "PrincipalSID": "S-1-5-21-3072663084-364016917-1341370565-512", "PrincipalType": "Group"}, {"RightName": "GenericAll", "AceType": "", "IsInherited": false, "PrincipalSID": "S-1-5-21-3072663084-364016917-1341370565-512", "PrincipalType": "Group"}, {"RightName": "GenericAll", "AceType": "", "IsInherited": false, "PrincipalSID": "S-1-5-21-3072663084-364016917-1341370565-1104", "PrincipalType": "Group"}, {"RightName": "GenericAll", "AceType": "", "IsInherited": false, "PrincipalSID": "HTB.LOCAL-S-1-5-32-548", "PrincipalType": "Group"}, {"RightName": "ExtendedRight", "AceType": "User-Force-Change-Password", "IsInherited": true, "PrincipalSID": "S-1-5-21-3072663084-364016917-1341370565-1121", "PrincipalType": "Group"}, {"RightName": "WriteDacl", "AceType": "", "IsInherited": true, "PrincipalSID": "S-1-5-21-3072663084-364016917-1341370565-1121", "PrincipalType": "Group"}, {"RightName": "GenericAll", "AceType": "", "IsInherited": true, "PrincipalSID": "S-1-5-21-3072663084-364016917-1341370565-519", "PrincipalType": "Group"}, {"RightName": "GenericWrite", "AceType": "", "IsInherited": true, "PrincipalSID": "HTB.LOCAL-S-1-5-32-544", "PrincipalType": "Group"}, {"RightName": "WriteOwner", "AceType": "", "IsInherited": true, "PrincipalSID": "HTB.LOCAL-S-1-5-32-544", "PrincipalType": "Group"}, {"RightName": "ExtendedRight", "AceType": "All", "IsInherited": true, "PrincipalSID": "HTB.LOCAL-S-1-5-32-544", "PrincipalType": "Group"}, {"RightName": "WriteDacl", "AceType": "", "IsInherited": true, "PrincipalSID": "HTB.LOCAL-S-1-5-32-544", "PrincipalType": "Group"}, {"RightName": "GenericWrite", "AceType": "", "IsInherited": true, "PrincipalSID": "HTB.LOCAL-S-1-5-7", "PrincipalType": "Group"}], "SPNTargets": [], "HasSIDHistory": []},{"AllowedToDelegate": [], "ObjectIdentifier": "S-1-5-21-3072663084-364016917-1341370565-1123", "PrimaryGroupSid": "S-1-5-21-3072663084-364016917-1341370565-513", "Properties": {"name": "$331000-VK4ADACQNUCA@HTB.LOCAL", "domain": "HTB.LOCAL", "objectid": "S-1-5-21-3072663084-364016917-1341370565-1123", "distinguishedname": "CN=Exchange Online-ApplicationAccount,CN=Users,DC=htb,DC=local", "highvalue": false, "unconstraineddelegation": false, "passwordnotreqd": true, "enabled": false, "lastlogon": -1, "lastlogontimestamp": -1, "pwdlastset": -1, "dontreqpreauth": false, "pwdneverexpires": false, "sensitive": false, "serviceprincipalnames": [], "hasspn": false, "displayname": null, "email": null, "title": null, "homedirectory": null, "description": null, "userpassword": null, "admincount": false, "sidhistory": []}, "Aces": [{"RightName": "Owner", "AceType": "", "IsInherited": false, "PrincipalSID": "S-1-5-21-3072663084-364016917-1341370565-512", "PrincipalType": "Group"}, {"RightName": "GenericAll", "AceType": "", "IsInherited": false, "PrincipalSID": "S-1-5-21-3072663084-364016917-1341370565-512", "PrincipalType": "Group"}, {"RightName": "GenericAll", "AceType": "", "IsInherited": false, "PrincipalSID": "HTB.LOCAL-S-1-5-32-548", "PrincipalType": "Group"}, {"RightName": "ExtendedRight", "AceType": "User-Force-Change-Password", "IsInherited": true, "PrincipalSID": "S-1-5-21-3072663084-364016917-1341370565-1121", "PrincipalType": "Group"}, {"RightName": "WriteDacl", "AceType": "", "IsInherited": true, "PrincipalSID": "S-1-5-21-3072663084-364016917-1341370565-1121", "PrincipalType": "Group"}, {"RightName": "GenericAll", "AceType": "", "IsInherited": true, "PrincipalSID": "S-1-5-21-3072663084-364016917-1341370565-519", "PrincipalType": "Group"}, {"RightName": "GenericWrite", "AceType": "", "IsInherited": true, "PrincipalSID": "HTB.LOCAL-S-1-5-32-544", "PrincipalType": "Group"}, {"RightName": "WriteOwner", "AceType": "", "IsInherited": true, "PrincipalSID": "HTB.LOCAL-S-1-5-32-544", "PrincipalType": "Group"}, {"RightName": "ExtendedRight", "AceType": "All", "IsInherited": true, "PrincipalSID": "HTB.LOCAL-S-1-5-32-544", "PrincipalType": "Group"}, {"RightName": "WriteDacl", "AceType": "", "IsInherited": true, "PrincipalSID": "HTB.LOCAL-S-1-5-32-544", "PrincipalType": "Group"}, {"RightName": "GenericWrite", "AceType": "", "IsInherited": true, "PrincipalSID": "HTB.LOCAL-S-1-5-7", "PrincipalType": "Group"}], "SPNTargets": [], "HasSIDHistory": []},{"AllowedToDelegate": [], "ObjectIdentifier": "S-1-5-21-3072663084-364016917-1341370565-500", "PrimaryGroupSid": "S-1-5-21-3072663084-364016917-1341370565-513", "Properties": {"name": "ADMINISTRATOR@HTB.LOCAL", "domain": "HTB.LOCAL", "objectid": "S-1-5-21-3072663084-364016917-1341370565-500", "distinguishedname": "CN=Administrator,CN=Users,DC=htb,DC=local", "highvalue": false, "unconstraineddelegation": false, "passwordnotreqd": false, "enabled": true, "lastlogon": 1570445827, "lastlogontimestamp": 1570129677, "pwdlastset": 1568826548, "dontreqpreauth": false, "pwdneverexpires": false, "sensitive": false, "serviceprincipalnames": [], "hasspn": false, "displayname": "Administrator", "email": "Administrator@htb.local", "title": null, "homedirectory": null, "description": "Built-in account for administering the computer/domain", "userpassword": null, "admincount": true, "sidhistory": []}, "Aces": [{"RightName": "Owner", "AceType": "", "IsInherited": false, "PrincipalSID": "S-1-5-21-3072663084-364016917-1341370565-512", "PrincipalType": "Group"}, {"RightName": "GenericWrite", "AceType": "", "IsInherited": false, "PrincipalSID": "S-1-5-21-3072663084-364016917-1341370565-512", "PrincipalType": "Group"}, {"RightName": "WriteOwner", "AceType": "", "IsInherited": false, "PrincipalSID": "S-1-5-21-3072663084-364016917-1341370565-512", "PrincipalType": "Group"}, {"RightName": "ExtendedRight", "AceType": "All", "IsInherited": false, "PrincipalSID": "S-1-5-21-3072663084-364016917-1341370565-512", "PrincipalType": "Group"}, {"RightName": "WriteDacl", "AceType": "", "IsInherited": false, "PrincipalSID": "S-1-5-21-3072663084-364016917-1341370565-512", "PrincipalType": "Group"}, {"RightName": "GenericWrite", "AceType": "", "IsInherited": false, "PrincipalSID": "S-1-5-21-3072663084-364016917-1341370565-519", "PrincipalType": "Group"}, {"RightName": "WriteOwner", "AceType": "", "IsInherited": false, "PrincipalSID": "S-1-5-21-3072663084-364016917-1341370565-519", "PrincipalType": "Group"}, {"RightName": "ExtendedRight", "AceType": "All", "IsInherited": false, "PrincipalSID": "S-1-5-21-3072663084-364016917-1341370565-519", "PrincipalType": "Group"}, {"RightName": "WriteDacl", "AceType": "", "IsInherited": false, "PrincipalSID": "S-1-5-21-3072663084-364016917-1341370565-519", "PrincipalType": "Group"}, {"RightName": "GenericWrite", "AceType": "", "IsInherited": false, "PrincipalSID": "HTB.LOCAL-S-1-5-32-544", "PrincipalType": "Group"}, {"RightName": "WriteOwner", "AceType": "", "IsInherited": false, "PrincipalSID": "HTB.LOCAL-S-1-5-32-544", "PrincipalType": "Group"}, {"RightName": "ExtendedRight", "AceType": "All", "IsInherited": false, "PrincipalSID": "HTB.LOCAL-S-1-5-32-544", "PrincipalType": "Group"}, {"RightName": "WriteDacl", "AceType": "", "IsInherited": false, "PrincipalSID": "HTB.LOCAL-S-1-5-32-544", "PrincipalType": "Group"}], "SPNTargets": [], "HasSIDHistory": []},{"AllowedToDelegate": [], "ObjectIdentifier": "S-1-5-21-3072663084-364016917-1341370565-503", "PrimaryGroupSid": "S-1-5-21-3072663084-364016917-1341370565-513", "Properties": {"name": "DEFAULTACCOUNT@HTB.LOCAL", "domain": "HTB.LOCAL", "objectid": "S-1-5-21-3072663084-364016917-1341370565-503", "distinguishedname": "CN=DefaultAccount,CN=Users,DC=htb,DC=local", "highvalue": false, "unconstraineddelegation": false, "passwordnotreqd": true, "enabled": false, "lastlogon": -1, "lastlogontimestamp": -1, "pwdlastset": -1, "dontreqpreauth": false, "pwdneverexpires": true, "sensitive": false, "serviceprincipalnames": [], "hasspn": false, "displayname": null, "email": null, "title": null, "homedirectory": null, "description": "A user account managed by the system.", "userpassword": null, "admincount": false, "sidhistory": []}, "Aces": [{"RightName": "Owner", "AceType": "", "IsInherited": false, "PrincipalSID": "HTB.LOCAL-S-1-5-32-544", "PrincipalType": "Group"}, {"RightName": "GenericAll", "AceType": "", "IsInherited": false, "PrincipalSID": "S-1-5-21-3072663084-364016917-1341370565-512", "PrincipalType": "Group"}, {"RightName": "GenericAll", "AceType": "", "IsInherited": false, "PrincipalSID": "HTB.LOCAL-S-1-5-32-548", "PrincipalType": "Group"}, {"RightName": "ExtendedRight", "AceType": "User-Force-Change-Password", "IsInherited": true, "PrincipalSID": "S-1-5-21-3072663084-364016917-1341370565-1121", "PrincipalType": "Group"}, {"RightName": "WriteDacl", "AceType": "", "IsInherited": true, "PrincipalSID": "S-1-5-21-3072663084-364016917-1341370565-1121", "PrincipalType": "Group"}, {"RightName": "GenericAll", "AceType": "", "IsInherited": true, "PrincipalSID": "S-1-5-21-3072663084-364016917-1341370565-519", "PrincipalType": "Group"}, {"RightName": "GenericWrite", "AceType": "", "IsInherited": true, "PrincipalSID": "HTB.LOCAL-S-1-5-32-544", "PrincipalType": "Group"}, {"RightName": "WriteOwner", "AceType": "", "IsInherited": true, "PrincipalSID": "HTB.LOCAL-S-1-5-32-544", "PrincipalType": "Group"}, {"RightName": "ExtendedRight", "AceType": "All", "IsInherited": true, "PrincipalSID": "HTB.LOCAL-S-1-5-32-544", "PrincipalType": "Group"}, {"RightName": "WriteDacl", "AceType": "", "IsInherited": true, "PrincipalSID": "HTB.LOCAL-S-1-5-32-544", "PrincipalType": "Group"}, {"RightName": "GenericWrite", "AceType": "", "IsInherited": true, "PrincipalSID": "HTB.LOCAL-S-1-5-7", "PrincipalType": "Group"}], "SPNTargets": [], "HasSIDHistory": []},{"AllowedToDelegate": [], "ObjectIdentifier": "S-1-5-21-3072663084-364016917-1341370565-501", "PrimaryGroupSid": "S-1-5-21-3072663084-364016917-1341370565-514", "Properties": {"name": "GUEST@HTB.LOCAL", "domain": "HTB.LOCAL", "objectid": "S-1-5-21-3072663084-364016917-1341370565-501", "distinguishedname": "CN=Guest,CN=Users,DC=htb,DC=local", "highvalue": false, "unconstraineddelegation": false, "passwordnotreqd": true, "enabled": false, "lastlogon": -1, "lastlogontimestamp": -1, "pwdlastset": -1, "dontreqpreauth": false, "pwdneverexpires": true, "sensitive": false, "serviceprincipalnames": [], "hasspn": false, "displayname": null, "email": null, "title": null, "homedirectory": null, "description": "Built-in account for guest access to the computer/domain", "userpassword": null, "admincount": false, "sidhistory": []}, "Aces": [{"RightName": "Owner", "AceType": "", "IsInherited": false, "PrincipalSID": "HTB.LOCAL-S-1-5-32-544", "PrincipalType": "Group"}, {"RightName": "GenericAll", "AceType": "", "IsInherited": false, "PrincipalSID": "S-1-5-21-3072663084-364016917-1341370565-512", "PrincipalType": "Group"}, {"RightName": "GenericAll", "AceType": "", "IsInherited": false, "PrincipalSID": "HTB.LOCAL-S-1-5-32-548", "PrincipalType": "Group"}, {"RightName": "ExtendedRight", "AceType": "User-Force-Change-Password", "IsInherited": true, "PrincipalSID": "S-1-5-21-3072663084-364016917-1341370565-1121", "PrincipalType": "Group"}, {"RightName": "WriteDacl", "AceType": "", "IsInherited": true, "PrincipalSID": "S-1-5-21-3072663084-364016917-1341370565-1121", "PrincipalType": "Group"}, {"RightName": "GenericAll", "AceType": "", "IsInherited": true, "PrincipalSID": "S-1-5-21-3072663084-364016917-1341370565-519", "PrincipalType": "Group"}, {"RightName": "GenericWrite", "AceType": "", "IsInherited": true, "PrincipalSID": "HTB.LOCAL-S-1-5-32-544", "PrincipalType": "Group"}, {"RightName": "WriteOwner", "AceType": "", "IsInherited": true, "PrincipalSID": "HTB.LOCAL-S-1-5-32-544", "PrincipalType": "Group"}, {"RightName": "ExtendedRight", "AceType": "All", "IsInherited": true, "PrincipalSID": "HTB.LOCAL-S-1-5-32-544", "PrincipalType": "Group"}, {"RightName": "WriteDacl", "AceType": "", "IsInherited": true, "PrincipalSID": "HTB.LOCAL-S-1-5-32-544", "PrincipalType": "Group"}, {"RightName": "GenericWrite", "AceType": "", "IsInherited": true, "PrincipalSID": "HTB.LOCAL-S-1-5-7", "PrincipalType": "Group"}], "SPNTargets": [], "HasSIDHistory": []}],"meta":{"type":"users","count":31, "version":3}}