{"computers":[{"ObjectIdentifier": "S-1-5-21-3072663084-364016917-1341370565-1103", "AllowedToAct": [], "PrimaryGroupSid": "S-1-5-21-3072663084-364016917-1341370565-515", "LocalAdmins": [], "PSRemoteUsers": [], "Properties": {"name": "EXCH01.HTB.LOCAL", "objectid": "S-1-5-21-3072663084-364016917-1341370565-1103", "domain": "HTB.LOCAL", "highvalue": false, "distinguishedname": "CN=EXCH01,CN=Computers,DC=htb,DC=local", "unconstraineddelegation": false, "enabled": true, "haslaps": false, "lastlogontimestamp": 1568804794, "pwdlastset": 1568804792, "serviceprincipalnames": ["IMAP/EXCH01", "IMAP/EXCH01.htb.local", "IMAP4/EXCH01", "IMAP4/EXCH01.htb.local", "POP/EXCH01", "POP/EXCH01.htb.local", "POP3/EXCH01", "POP3/EXCH01.htb.local", "exchangeRFR/EXCH01", "exchangeRFR/EXCH01.htb.local", "exchangeAB/EXCH01", "exchangeAB/EXCH01.htb.local", "exchangeMDB/EXCH01", "exchangeMDB/EXCH01.htb.local", "SMTP/EXCH01", "SMTP/EXCH01.htb.local", "SmtpSvc/EXCH01", "SmtpSvc/EXCH01.htb.local", "WSMAN/EXCH01", "WSMAN/EXCH01.htb.local", "RestrictedKrbHost/EXCH01", "HOST/EXCH01", "RestrictedKrbHost/EXCH01.htb.local", "HOST/EXCH01.htb.local"], "description": null, "operatingsystem": "Windows Server 2016 Standard"}, "RemoteDesktopUsers": [], "DcomUsers": [], "AllowedToDelegate": [], "Sessions": [], "Aces": [{"RightName": "Owner", "AceType": "", "IsInherited": false, "PrincipalSID": "S-1-5-21-3072663084-364016917-1341370565-512", "PrincipalType": "Group"}, {"RightName": "GenericAll", "AceType": "", "IsInherited": false, "PrincipalSID": "S-1-5-21-3072663084-364016917-1341370565-512", "PrincipalType": "Group"}, {"RightName": "GenericAll", "AceType": "", "IsInherited": false, "PrincipalSID": "HTB.LOCAL-S-1-5-32-548", "PrincipalType": "Group"}, {"RightName": "WriteProperty", "AceType": "AllowedToAct", "IsInherited": true, "PrincipalSID": "HTB.LOCAL-S-1-5-10", "PrincipalType": "User"}, {"RightName": "GenericAll", "AceType": "", "IsInherited": true, "PrincipalSID": "S-1-5-21-3072663084-364016917-1341370565-519", "PrincipalType": "Group"}, {"RightName": "GenericWrite", "AceType": "", "IsInherited": true, "PrincipalSID": "HTB.LOCAL-S-1-5-32-544", "PrincipalType": "Group"}, {"RightName": "WriteOwner", "AceType": "", "IsInherited": true, "PrincipalSID": "HTB.LOCAL-S-1-5-32-544", "PrincipalType": "Group"}, {"RightName": "WriteDacl", "AceType": "", "IsInherited": true, "PrincipalSID": "HTB.LOCAL-S-1-5-32-544", "PrincipalType": "Group"}, {"RightName": "GenericWrite", "AceType": "", "IsInherited": true, "PrincipalSID": "HTB.LOCAL-S-1-5-7", "PrincipalType": "Group"}]},{"ObjectIdentifier": "S-1-5-21-3072663084-364016917-1341370565-1000", "AllowedToAct": [], "PrimaryGroupSid": "S-1-5-21-3072663084-364016917-1341370565-516", "LocalAdmins": [{"MemberId": "S-1-5-21-3072663084-364016917-1341370565-519", "MemberType": "Group"}, {"MemberId": "S-1-5-21-3072663084-364016917-1341370565-512", "MemberType": "Group"}, {"MemberId": "S-1-5-21-3072663084-364016917-1341370565-500", "MemberType": "User"}], "PSRemoteUsers": [{"MemberId": "S-1-5-21-3072663084-364016917-1341370565-1149", "MemberType": "Group"}], "Properties": {"name": "FOREST.HTB.LOCAL", "objectid": "S-1-5-21-3072663084-364016917-1341370565-1000", "domain": "HTB.LOCAL", "highvalue": false, "distinguishedname": "CN=FOREST,OU=Domain Controllers,DC=htb,DC=local", "unconstraineddelegation": true, "enabled": true, "haslaps": false, "lastlogontimestamp": 1622214037, "pwdlastset": 1622214013, "serviceprincipalnames": ["TERMSRV/FOREST", "TERMSRV/FOREST.htb.local", "exchangeAB/FOREST", "exchangeAB/FOREST.htb.local", "Dfsr-12F9A27C-BF97-4787-9364-D31B6C55EB04/FOREST.htb.local", "ldap/FOREST.htb.local/ForestDnsZones.htb.local", "ldap/FOREST.htb.local/DomainDnsZones.htb.local", "DNS/FOREST.htb.local", "GC/FOREST.htb.local/htb.local", "RestrictedKrbHost/FOREST.htb.local", "RestrictedKrbHost/FOREST", "RPC/236ba33a-7959-4a41-b959-5f82689a0871._msdcs.htb.local", "HOST/FOREST/HTB", "HOST/FOREST.htb.local/HTB", "HOST/FOREST", "HOST/FOREST.htb.local", "HOST/FOREST.htb.local/htb.local", "E3514235-4B06-11D1-AB04-00C04FC2DCD2/236ba33a-7959-4a41-b959-5f82689a0871/htb.local", "ldap/FOREST/HTB", "ldap/236ba33a-7959-4a41-b959-5f82689a0871._msdcs.htb.local", "ldap/FOREST.htb.local/HTB", "ldap/FOREST", "ldap/FOREST.htb.local", "ldap/FOREST.htb.local/htb.local"], "description": null, "operatingsystem": "Windows Server 2016 Standard"}, "RemoteDesktopUsers": [], "DcomUsers": [], "AllowedToDelegate": [], "Sessions": [], "Aces": [{"RightName": "Owner", "AceType": "", "IsInherited": false, "PrincipalSID": "S-1-5-21-3072663084-364016917-1341370565-512", "PrincipalType": "Group"}, {"RightName": "GenericAll", "AceType": "", "IsInherited": false, "PrincipalSID": "S-1-5-21-3072663084-364016917-1341370565-512", "PrincipalType": "Group"}, {"RightName": "WriteProperty", "AceType": "AllowedToAct", "IsInherited": true, "PrincipalSID": "HTB.LOCAL-S-1-5-10", "PrincipalType": "User"}, {"RightName": "GenericAll", "AceType": "", "IsInherited": true, "PrincipalSID": "S-1-5-21-3072663084-364016917-1341370565-519", "PrincipalType": "Group"}, {"RightName": "GenericWrite", "AceType": "", "IsInherited": true, "PrincipalSID": "HTB.LOCAL-S-1-5-32-544", "PrincipalType": "Group"}, {"RightName": "WriteOwner", "AceType": "", "IsInherited": true, "PrincipalSID": "HTB.LOCAL-S-1-5-32-544", "PrincipalType": "Group"}, {"RightName": "WriteDacl", "AceType": "", "IsInherited": true, "PrincipalSID": "HTB.LOCAL-S-1-5-32-544", "PrincipalType": "Group"}, {"RightName": "GenericWrite", "AceType": "", "IsInherited": true, "PrincipalSID": "HTB.LOCAL-S-1-5-7", "PrincipalType": "Group"}]}],"meta":{"type":"computers","count":2, "version":3}}