{"domains": [{"ObjectIdentifier": "S-1-5-21-3072663084-364016917-1341370565", "Properties": {"name": "HTB.LOCAL", "domain": "HTB.LOCAL", "highvalue": true, "objectid": "S-1-5-21-3072663084-364016917-1341370565", "distinguishedname": "DC=htb,DC=local", "description": null, "functionallevel": "2016"}, "Trusts": [], "Aces": [{"RightName": "Owner", "AceType": "", "IsInherited": false, "PrincipalSID": "HTB.LOCAL-S-1-5-32-544", "PrincipalType": "Group"}, {"RightName": "ExtendedRight", "AceType": "GetChanges", "IsInherited": false, "PrincipalSID": "S-1-5-21-3072663084-364016917-1341370565-498", "PrincipalType": "Group"}, {"RightName": "ExtendedRight", "AceType": "GetChangesAll", "IsInherited": false, "PrincipalSID": "S-1-5-21-3072663084-364016917-1341370565-516", "PrincipalType": "Group"}, {"RightName": "WriteDacl", "AceType": "", "IsInherited": false, "PrincipalSID": "S-1-5-21-3072663084-364016917-1341370565-1121", "PrincipalType": "Group"}, {"RightName": "WriteDacl", "AceType": "", "IsInherited": false, "PrincipalSID": "S-1-5-21-3072663084-364016917-1341370565-1121", "PrincipalType": "Group"}, {"RightName": "ExtendedRight", "AceType": "GetChanges", "IsInherited": false, "PrincipalSID": "HTB.LOCAL-S-1-5-32-544", "PrincipalType": "Group"}, {"RightName": "ExtendedRight", "AceType": "GetChangesAll", "IsInherited": false, "PrincipalSID": "HTB.LOCAL-S-1-5-32-544", "PrincipalType": "Group"}, {"RightName": "ExtendedRight", "AceType": "GetChanges", "IsInherited": false, "PrincipalSID": "HTB.LOCAL-S-1-5-9", "PrincipalType": "Group"}, {"RightName": "GenericWrite", "AceType": "", "IsInherited": false, "PrincipalSID": "S-1-5-21-3072663084-364016917-1341370565-512", "PrincipalType": "Group"}, {"RightName": "WriteOwner", "AceType": "", "IsInherited": false, "PrincipalSID": "S-1-5-21-3072663084-364016917-1341370565-512", "PrincipalType": "Group"}, {"RightName": "ExtendedRight", "AceType": "All", "IsInherited": false, "PrincipalSID": "S-1-5-21-3072663084-364016917-1341370565-512", "PrincipalType": "Group"}, {"RightName": "WriteDacl", "AceType": "", "IsInherited": false, "PrincipalSID": "S-1-5-21-3072663084-364016917-1341370565-512", "PrincipalType": "Group"}, {"RightName": "GenericAll", "AceType": "", "IsInherited": false, "PrincipalSID": "S-1-5-21-3072663084-364016917-1341370565-519", "PrincipalType": "Group"}, {"RightName": "GenericWrite", "AceType": "", "IsInherited": false, "PrincipalSID": "HTB.LOCAL-S-1-5-32-544", "PrincipalType": "Group"}, {"RightName": "WriteOwner", "AceType": "", "IsInherited": false, "PrincipalSID": "HTB.LOCAL-S-1-5-32-544", "PrincipalType": "Group"}, {"RightName": "ExtendedRight", "AceType": "All", "IsInherited": false, "PrincipalSID": "HTB.LOCAL-S-1-5-32-544", "PrincipalType": "Group"}, {"RightName": "WriteDacl", "AceType": "", "IsInherited": false, "PrincipalSID": "HTB.LOCAL-S-1-5-32-544", "PrincipalType": "Group"}, {"RightName": "GenericWrite", "AceType": "", "IsInherited": false, "PrincipalSID": "HTB.LOCAL-S-1-5-7", "PrincipalType": "Group"}], "Links": [], "Users": [], "Computers": [], "ChildOus": []}], "meta": {"type": "domains", "count": 1, "version": 3}}